sample_idx,family_curve,allow_curve_fallback_curve,vehicle_name,brand,series,brand_series,grade,years,mileage_wan,city,actual_price,price_seg,age_seg,energy_type,mileage_bucket,price_extreme_bucket,success_curve,error_message_curve,new_price_curve,predicted_price_curve,residual_rate_curve,c2b_low_curve,c2b_high_curve,b2b_low_curve,b2b_high_curve,hit_c2b_curve,hit_b2b_curve,abs_error_curve,abs_pct_error_curve,debug_model_used_curve,debug_model_name_curve,debug_model_type_curve,debug_model_family_curve,debug_final_model_family_curve,debug_requested_model_family_curve,debug_fallback_triggered_curve,debug_fallback_reason_curve,family_lightgbm,allow_curve_fallback_lightgbm,success_lightgbm,error_message_lightgbm,new_price_lightgbm,predicted_price_lightgbm,residual_rate_lightgbm,c2b_low_lightgbm,c2b_high_lightgbm,b2b_low_lightgbm,b2b_high_lightgbm,hit_c2b_lightgbm,hit_b2b_lightgbm,abs_error_lightgbm,abs_pct_error_lightgbm,debug_model_used_lightgbm,debug_model_name_lightgbm,debug_model_type_lightgbm,debug_model_family_lightgbm,debug_final_model_family_lightgbm,debug_requested_model_family_lightgbm,debug_fallback_triggered_lightgbm,debug_fallback_reason_lightgbm,mape_diff,b2b_diff,case_type
201,curve,True,大众/一汽-大众CC/2010款 2.0T 自动 尊贵型,大众,一汽-大众CC,大众-一汽-大众CC,差,15.33,19.0847,天津,1.01,1-3万,>10年,燃油,高里程,中间价,True,,29.48,2.1,0.0712,1.53,1.86,1.62,2.01,False,False,1.09,107.92079207920793,car_type,SUV-紧凑型车-合资,Polynomial,curve,curve,curve,False,,lightgbm,False,True,,29.48,1.09,0.037,0.75,0.92,0.8,1.1,False,True,0.08000000000000007,7.920792079207928,car_type,SUV-紧凑型车-合资,LightGBM,lightgbm,lightgbm,lightgbm,False,,-100.0,1,lightgbm明显优于curve
135,curve,True,陆风/X5/2013款 2.0T 手动 创行版,陆风,X5,陆风-X5,优,10.83,4.4658,广州,0.42,<1万,>10年,燃油,低里程,极端低价,True,,13.98,1.29,0.0924,1.25,1.37,1.26,1.58,False,False,0.8700000000000001,207.14285714285717,car_type,SUV-紧凑型车-国产,Exponential,curve,curve,curve,False,,lightgbm,False,True,,13.98,0.92,0.0658,0.86,0.94,0.81,1.21,False,False,0.5,119.04761904761905,car_type,SUV-紧凑型车-国产,LightGBM,lightgbm,lightgbm,lightgbm,False,,-88.09523809523812,0,lightgbm明显优于curve
253,curve,True,别克/GL8/2023款 陆上公务舱 2.0T 自动 智享型,别克,GL8,别克-GL8,优,1.83,5.9257,杭州,13.84,10-20万,0-3年,燃油,低里程,极端高价,True,,53.39,25.34,0.4745,28.27,30.38,26.46,28.4,False,False,11.5,83.09248554913295,brand_series,别克-GL8,Power(segmented),curve,curve,curve,False,,lightgbm,False,True,,53.39,12.58,0.2356,12.7,13.65,13.13,14.11,False,True,1.2599999999999998,9.104046242774565,brand_series,别克-GL8,LightGBM,lightgbm,lightgbm,lightgbm,False,,-73.98843930635837,1,lightgbm明显优于curve
247,curve,True,斯柯达/昊锐/2012款 1.8T 自动 贵雅版,斯柯达,昊锐,斯柯达-昊锐,优,13.83,16.3949,厦门,0.51,<1万,>10年,燃油,高里程,极端低价,True,,21.79,1.02,0.047,0.97,1.06,0.97,1.27,False,False,0.51,100.0,brand_series,斯柯达-昊锐,Exponential(segmented),curve,curve,curve,False,,lightgbm,False,True,,21.79,0.71,0.0328,0.64,0.71,0.58,0.98,False,False,0.19999999999999996,39.21568627450979,brand_series,斯柯达-昊锐,LightGBM,lightgbm,lightgbm,lightgbm,False,,-60.78431372549021,0,lightgbm明显优于curve
283,curve,True,长安凯程/睿行M70/2017款 1.5 手动 标准型背掀门DAM15DL,长安凯程,睿行M70,长安凯程-睿行M70,差,8.17,20.1125,杭州,0.52,<1万,8-10年,燃油,高里程,极端低价,True,,4.89,1.03,0.2098,0.7,0.86,0.74,1.04,False,False,0.51,98.07692307692307,car_type,MPV-紧凑型车-国产,Polynomial,curve,curve,curve,False,,lightgbm,False,True,,4.89,0.72,0.1476,0.47,0.58,0.43,0.83,True,True,0.19999999999999996,38.46153846153845,car_type,MPV-紧凑型车-国产,LightGBM,lightgbm,lightgbm,lightgbm,False,,-59.61538461538461,1,lightgbm明显优于curve
92,curve,True,现代/朗动/2015款 1.6 手动 GLX领先型,现代,朗动,现代-朗动,中,10.75,9.444,济南,1.56,1-3万,>10年,燃油,低里程,中间价,True,,11.98,1.72,0.1437,1.45,1.77,1.51,1.93,True,True,0.15999999999999992,10.25641025641025,car_type,SUV-小型车-合资,Polynomial,curve,curve,curve,False,,lightgbm,False,True,,11.98,2.6,0.2172,2.23,2.71,2.34,2.85,False,False,1.04,66.66666666666666,car_type,SUV-小型车-合资,LightGBM,lightgbm,lightgbm,lightgbm,False,,56.41025641025641,-1,lightgbm明显劣于curve
237,curve,True,斯柯达/晶锐/2011款 1.6 手动 酷黑版,斯柯达,晶锐,斯柯达-晶锐,中,14.33,10.3644,北京,0.34,<1万,>10年,燃油,低里程,极端低价,True,,10.86,0.72,0.0662,0.55,0.68,0.52,0.92,False,False,0.37999999999999995,111.76470588235293,brand_series,斯柯达-晶锐,Power(segmented),curve,curve,curve,False,,lightgbm,False,True,,10.86,0.88,0.0814,0.69,0.86,0.68,1.08,False,False,0.54,158.8235294117647,brand_series,斯柯达-晶锐,LightGBM,lightgbm,lightgbm,lightgbm,False,,47.05882352941177,0,lightgbm明显劣于curve
125,curve,True,长安/CS35/2016款 1.6 手动 豪华型 国IV,长安,CS35,长安-CS35,中,9.75,9.9485,保定,0.66,<1万,8-10年,燃油,低里程,极端低价,True,,7.29,0.72,0.0994,0.55,0.68,0.52,0.92,True,True,0.05999999999999994,9.090909090909081,brand_series,长安-CS35,Exponential(segmented),curve,curve,curve,False,,lightgbm,False,True,,7.29,0.96,0.1321,0.77,0.94,0.76,1.16,False,False,0.29999999999999993,45.45454545454544,brand_series,长安-CS35,LightGBM,lightgbm,lightgbm,lightgbm,False,,36.36363636363636,-1,lightgbm明显劣于curve
72,curve,True,奔驰/M级/2015款 3.0T 自动 400豪华型 (进口),奔驰,M级,奔驰-M级,中,10.67,17.5335,惠州,8.47,5-10万,>10年,燃油,高里程,中间价,True,,59.8,6.97,0.1166,6.12,7.25,6.37,7.55,False,False,1.5000000000000009,17.709563164108626,car_type,轿车-中大型车-合资,Polynomial,curve,curve,curve,False,,lightgbm,False,True,,59.8,4.42,0.0739,3.85,4.62,4.01,4.81,False,False,4.050000000000001,47.815820543093274,car_type,轿车-中大型车-合资,LightGBM,lightgbm,lightgbm,lightgbm,False,,30.106257378984647,0,lightgbm明显劣于curve
56,curve,True,大众/高尔夫/2012款 1.6 手动 舒适型,大众,高尔夫,大众-高尔夫,优,12.58,9.6233,苏州,1.98,1-3万,>10年,燃油,低里程,中间价,True,,12.68,1.74,0.1375,1.72,1.88,1.7,2.12,False,True,0.24,12.121212121212121,brand_series,大众-高尔夫,Exponential(segmented),curve,curve,curve,False,,lightgbm,False,True,,12.68,1.16,0.0911,1.1,1.21,1.12,1.42,False,False,0.8200000000000001,41.41414141414142,brand_series,大众-高尔夫,LightGBM,lightgbm,lightgbm,lightgbm,False,,29.292929292929298,-1,lightgbm明显劣于curve
1,curve,True,"中升车源
大众/途观/2010款 2.0T 自动 旗舰型四驱","中升车源
大众",途观,"中升车源
大众-途观",差,15.08,21.6331,杭州,0.94,<1万,>10年,燃油,高里程,极端低价,False,无法预测：无适用模型且无相似车辆数据,0.0,,,,,,,False,False,,,,,,,,,False,,lightgbm,False,False,无法预测：无适用模型且无相似车辆数据,0.0,,,,,,,False,False,,,,,,,,,False,,,0,老车样本
2,curve,True,起亚/K3/2013款 1.6 手动 GLS,起亚,K3,起亚-K3,差,12.0,11.5814,苏州,0.65,<1万,>10年,燃油,高里程,极端低价,True,,11.48,1.11,0.0971,0.77,0.94,0.82,1.12,False,False,0.4600000000000001,70.76923076923077,brand_series,起亚-K3,Power(segmented),curve,curve,curve,False,,lightgbm,False,True,,11.48,0.91,0.0796,0.62,0.75,0.6,1.0,True,True,0.26,40.0,brand_series,起亚-K3,LightGBM,lightgbm,lightgbm,lightgbm,False,,-30.769230769230774,1,老车样本
4,curve,True,"中升车源
大众/桑塔纳/2015款 1.6 自动 舒适版","中升车源
大众",桑塔纳,"中升车源
大众-桑塔纳",差,11.25,13.7818,武汉,1.02,1-3万,>10年,燃油,高里程,中间价,False,无法预测：无适用模型且无相似车辆数据,0.0,,,,,,,False,False,,,,,,,,,False,,lightgbm,False,False,无法预测：无适用模型且无相似车辆数据,0.0,,,,,,,False,False,,,,,,,,,False,,,0,老车样本
7,curve,True,奔驰/C级/2011款 1.8T 自动 C200时尚型CGI,奔驰,C级,奔驰-C级,中,14.42,10.8959,苏州,1.9,1-3万,>10年,燃油,高里程,中间价,True,,38.8,1.5,0.0387,1.25,1.53,1.32,1.68,False,False,0.3999999999999999,21.052631578947363,brand_series,奔驰-C级,Power(segmented),curve,curve,curve,False,,lightgbm,False,True,,38.8,2.21,0.0568,1.88,2.29,1.98,2.42,True,False,0.31000000000000005,16.315789473684212,brand_series,奔驰-C级,LightGBM,lightgbm,lightgbm,lightgbm,False,,-4.73684210526315,0,老车样本
8,curve,True,大众/朗逸/2013款 1.6 自动 豪华版 改款,大众,朗逸,大众-朗逸,中,12.08,10.082,东莞,1.87,1-3万,>10年,燃油,低里程,中间价,True,,14.69,1.4,0.0951,1.15,1.42,1.23,1.57,False,False,0.4700000000000002,25.133689839572206,brand_series,大众-朗逸,Polynomial(segmented),curve,curve,curve,False,,lightgbm,False,True,,14.69,1.39,0.0943,1.14,1.4,1.22,1.56,False,False,0.4800000000000002,25.66844919786097,brand_series,大众-朗逸,LightGBM,lightgbm,lightgbm,lightgbm,False,,0.5347593582887633,0,老车样本
38,curve,True,比亚迪/宋PLUS新能源/2025款 DM-i 智驾版 1.5L 自动 112KM 尊贵型,比亚迪,宋PLUS新能源,比亚迪-宋PLUS新能源,优,0.5,0.4523,宿迁,8.68,5-10万,0-3年,新能源,低里程,中间价,True,,17.58,9.47,0.5388,9.52,10.27,9.9,10.69,False,False,0.7900000000000009,9.101382488479274,car_type,SUV-紧凑型车-国产,Exponential,curve,curve,curve,False,,lightgbm,False,True,,17.58,9.63,0.5476,9.67,10.44,10.06,10.86,False,False,0.9500000000000011,10.944700460829505,car_type,SUV-紧凑型车-国产,LightGBM,lightgbm,lightgbm,lightgbm,False,,1.8433179723502313,0,新能源样本
47,curve,True,丰田/奕泽E进擎/2020款 E·智享版 纯电动,丰田,奕泽E进擎,丰田-奕泽E进擎,中,4.92,12.9198,杭州,5.08,5-10万,3-5年,新能源,高里程,中间价,True,,20.38,7.97,0.3911,7.01,8.27,7.3,8.61,False,False,2.8899999999999997,56.88976377952755,car_type,SUV-紧凑型车-合资,Polynomial,curve,curve,curve,False,,lightgbm,False,True,,20.38,6.13,0.3009,5.37,6.39,5.59,6.65,False,False,1.0499999999999998,20.669291338582674,car_type,SUV-紧凑型车-合资,LightGBM,lightgbm,lightgbm,lightgbm,False,,-36.220472440944874,0,新能源样本
59,curve,True,比亚迪/宋PLUS新能源/2025款 DM-i 智驾版 1.5L 自动 112KM 尊贵型,比亚迪,宋PLUS新能源,比亚迪-宋PLUS新能源,优,0.17,0.0443,秦皇岛,9.35,5-10万,0-3年,新能源,低里程,中间价,True,,17.58,10.01,0.5692,10.06,10.85,10.46,11.28,False,False,0.6600000000000001,7.058823529411766,car_type,SUV-紧凑型车-国产,Exponential,curve,curve,curve,False,,lightgbm,False,True,,17.58,9.66,0.5494,9.71,10.47,10.09,10.89,False,False,0.3100000000000005,3.31550802139038,car_type,SUV-紧凑型车-国产,LightGBM,lightgbm,lightgbm,lightgbm,False,,-3.7433155080213862,0,新能源样本
60,curve,True,名爵/MG6新能源/2019款 1.5T 自动 50T Pro 混动,名爵,MG6新能源,名爵-MG6新能源,中,6.08,6.9629,上海,2.84,1-3万,5-8年,新能源,低里程,中间价,True,,13.98,3.48,0.2491,3.01,3.64,3.15,3.8,False,False,0.6400000000000001,22.53521126760564,car_type,轿车-紧凑型车-国产,Exponential,curve,curve,curve,False,,lightgbm,False,True,,13.98,3.0,0.2143,2.58,3.13,2.7,3.28,True,True,0.16000000000000014,5.633802816901413,car_type,轿车-紧凑型车-国产,LightGBM,lightgbm,lightgbm,lightgbm,False,,-16.901408450704224,1,新能源样本
93,curve,True,大众/探岳GTE/2020款 1.4T 自动 豪华型 混动,大众,探岳GTE,大众-探岳GTE,中,5.08,6.824,上海,6.4,5-10万,5-8年,新能源,低里程,中间价,True,,17.59,6.19,0.3519,5.42,6.45,5.64,6.71,True,True,0.20999999999999996,3.2812499999999996,car_type,轿车-紧凑型车-合资,Polynomial,curve,curve,curve,False,,lightgbm,False,True,,17.59,6.14,0.3492,5.38,6.4,5.6,6.66,True,True,0.2600000000000007,4.062500000000011,car_type,轿车-紧凑型车-合资,LightGBM,lightgbm,lightgbm,lightgbm,False,,0.7812500000000111,0,新能源样本
3,curve,True,日产/LANNIA 蓝鸟/2020款 1.6 自动 智联智酷版,日产,LANNIA 蓝鸟,日产-LANNIA 蓝鸟,中,5.75,8.2533,南昌,4.0,3-5万,5-8年,燃油,低里程,中间价,True,,12.99,4.17,0.3209,3.62,4.36,3.78,4.54,True,True,0.16999999999999993,4.249999999999998,car_type,轿车-紧凑型车-合资,Polynomial,curve,curve,curve,False,,lightgbm,False,True,,12.99,4.05,0.312,3.52,4.24,3.67,4.42,True,True,0.04999999999999982,1.2499999999999956,car_type,轿车-紧凑型车-合资,LightGBM,lightgbm,lightgbm,lightgbm,False,,-3.0000000000000027,0,lightgbm车型类别兜底样本
13,curve,True,比亚迪/宋Pro/2019款 1.5T 自动 精英型,比亚迪,宋Pro,比亚迪-宋Pro,中,5.67,7.1094,广州,3.76,3-5万,5-8年,燃油,低里程,中间价,True,,9.98,2.36,0.2367,2.02,2.46,2.13,2.59,False,False,1.4,37.234042553191486,car_type,SUV-紧凑型车-国产,Exponential,curve,curve,curve,False,,lightgbm,False,True,,9.98,2.44,0.2441,2.08,2.53,2.19,2.67,False,False,1.3199999999999998,35.1063829787234,car_type,SUV-紧凑型车-国产,LightGBM,lightgbm,lightgbm,lightgbm,False,,-2.1276595744680833,0,lightgbm车型类别兜底样本
19,curve,True,大众/宝来三厢/2013款 1.6 自动 时尚型,大众,宝来三厢,大众-宝来三厢,中,12.33,15.3206,张家口,1.52,1-3万,>10年,燃油,高里程,中间价,True,,11.93,1.39,0.1162,1.14,1.4,1.22,1.56,False,True,0.13000000000000012,8.552631578947375,car_type,轿车-紧凑型车-合资,Polynomial,curve,curve,curve,False,,lightgbm,False,True,,11.93,1.4,0.117,1.15,1.41,1.23,1.57,False,True,0.1200000000000001,7.89473684210527,car_type,轿车-紧凑型车-合资,LightGBM,lightgbm,lightgbm,lightgbm,False,,-0.6578947368421053,0,lightgbm车型类别兜底样本
20,curve,True,马自达/马3昂克赛拉三厢/2017款 1.5 自动 豪华型 国VI,马自达,马3昂克赛拉三厢,马自达-马3昂克赛拉三厢,差,6.75,9.8587,成都,4.2,3-5万,5-8年,燃油,低里程,中间价,True,,19.98,5.37,0.2686,4.09,4.87,4.26,5.07,True,False,1.17,27.857142857142854,car_type,SUV-紧凑型车-合资,Polynomial,curve,curve,curve,False,,lightgbm,False,True,,19.98,4.96,0.248,3.77,4.49,3.92,4.68,True,True,0.7599999999999998,18.095238095238088,car_type,SUV-紧凑型车-合资,LightGBM,lightgbm,lightgbm,lightgbm,False,,-9.761904761904766,1,lightgbm车型类别兜底样本
21,curve,True,长安/锐程CC/2021款 1.5T 自动 蓝鲸版尊贵型,长安,锐程CC,长安-锐程CC,差,5.0,5.901,合肥,3.74,3-5万,5-8年,燃油,低里程,中间价,True,,11.39,3.01,0.2646,2.24,2.71,2.35,2.83,False,False,0.7300000000000004,19.51871657754012,car_type,SUV-紧凑型车-国产,Exponential,curve,curve,curve,False,,lightgbm,False,True,,11.39,3.65,0.3208,2.74,3.3,2.86,3.44,False,False,0.0900000000000003,2.406417112299473,car_type,SUV-紧凑型车-国产,LightGBM,lightgbm,lightgbm,lightgbm,False,,-17.112299465240646,0,lightgbm车型类别兜底样本
