vehicle_name,brand,brand_series,grade,city,mileage_wan,new_price,checked_years,valid_predictions,abnormal_increase_steps,max_increase,abnormal,abnormal_step_detail,used_fallback
起亚/K3/2013款 1.6 手动 GLS,起亚,起亚-K3,差,苏州,11.5814,11.48,1-15,15,0,0.0,False,,False
日产/LANNIA 蓝鸟/2020款 1.6 自动 智联智酷版,日产,日产-LANNIA 蓝鸟,中,南昌,8.2533,12.99,1-15,15,0,-0.0105,False,,False
奔驰/C级/2011款 1.8T 自动 C200时尚型CGI,奔驰,奔驰-C级,中,苏州,10.8959,38.8,1-15,15,0,0.0,False,,False
大众/朗逸/2013款 1.6 自动 豪华版 改款,大众,大众-朗逸,中,东莞,10.082,14.69,1-15,15,0,-0.0095,False,,False
丰田/卡罗拉/2014款 1.6 手动 GL,丰田,丰田-卡罗拉,中,荆州,9.1633,12.48,1-15,15,0,-0.0079,False,,False
大众/朗逸/2019款 1.4T 自动 280TSI舒适版 国VI,大众,大众-朗逸,中,南京,9.1262,12.29,1-15,15,0,-0.0041,False,,False
宝马/3系/2016款 2.0T 自动 320Li进取型,宝马,宝马-3系,中,东莞,16.0374,43.08,1-15,15,0,0.0,False,,False
比亚迪/宋Pro/2019款 1.5T 自动 精英型,比亚迪,比亚迪-宋Pro,中,广州,7.1094,9.98,1-15,15,0,0.0,False,,False
丰田/雷凌/2022款 TNGA 1.5L CVT精英版,丰田,丰田-雷凌,中,长沙,9.4189,13.18,1-15,15,0,0.0,False,,False
大众/速腾/2010款 1.4T 自动 豪华型,大众,大众-速腾,中,北京,14.609,14.88,1-15,15,0,0.0,False,,False
日产/天籁/2013款 2.0 自动 XL舒适版,日产,日产-天籁,中,南通,18.2145,17.78,1-15,15,0,0.0,False,,False
大众/宝来三厢/2013款 1.6 自动 时尚型,大众,大众-宝来三厢,中,张家口,15.3206,11.93,1-15,15,0,-0.0112,False,,False
马自达/马3昂克赛拉三厢/2017款 1.5 自动 豪华型 国VI,马自达,马自达-马3昂克赛拉三厢,差,成都,9.8587,19.98,1-15,15,0,-0.0095,False,,False
长安/锐程CC/2021款 1.5T 自动 蓝鲸版尊贵型,长安,长安-锐程CC,差,合肥,5.901,11.39,1-15,15,0,0.0,False,,False
别克/昂科拉/2014款 1.4T 自动 都市精英型前驱,别克,别克-昂科拉,中,南通,15.7887,15.99,1-15,15,0,0.0,False,,False
奔腾/B50/2016款 1.6 手动 豪华型,奔腾,奔腾-B50,中,杭州,6.3885,8.58,1-15,15,0,0.0,False,,False
奥迪/Q5/2011款 2.0T 自动 TFSI舒适型,奥迪,奥迪-Q5,优,西双版纳,16.0815,47.58,1-15,15,0,0.0,False,,False
哈弗/哈弗H6/2015款 1.5T 手动 运动版精英型前驱 改款,哈弗,哈弗-哈弗H6,差,信阳,15.7781,14.08,1-15,15,0,0.0,False,,False
丰田/卡罗拉/2013款 1.6 自动 GL至酷特装版,丰田,丰田-卡罗拉,优,沈阳,12.3499,14.08,1-15,15,0,-0.0101,False,,False
宝马/3系/2017款 2.0T 自动 320Li时尚型,宝马,宝马-3系,优,苏州,17.7801,34.99,1-15,15,0,0.0,False,,False
长安/UNI-T/2022款 1.5T 自动 旗舰型,长安,长安-UNI-T,优,武汉,3.563,12.99,1-15,15,0,0.0,False,,False
别克/君越/2013款 2.4 自动 领先舒适型,别克,别克-君越,差,北京,9.2278,23.59,1-15,15,0,0.0,False,,False
别克/英朗三厢/2015款 1.5 手动 15N精英型,别克,别克-英朗三厢,差,南京,9.5485,11.69,1-15,15,0,-0.0081,False,,False
哈弗/哈弗H2/2015款 1.5T 自动 精英型前驱,哈弗,哈弗-哈弗H2,差,海口,4.8022,14.58,1-15,15,0,0.0,False,,False
标致/308/2018款 1.6 自动 豪华版,标致,标致-308,中,苏州,8.7062,11.57,1-15,15,0,0.0028,False,,False
比亚迪/宋PLUS新能源/2025款 DM-i 智驾版 1.5L 自动 112KM 尊贵型,比亚迪,比亚迪-宋PLUS新能源,优,宿迁,0.4523,17.58,1-15,15,0,0.0,False,,False
现代/瑞纳三厢/2017款 1.4L 手动 焕新版 国V,现代,现代-瑞纳三厢,差,保定,4.3145,4.99,1-15,15,0,0.0,False,,False
名爵/MG ZS/2020款 1.5 手动 全球百万畅销款舒适版,名爵,名爵-MG ZS,优,郑州,7.5491,13.98,1-15,15,0,0.0,False,,False
哈弗/哈弗H2/2014款 1.5T 手动 精英型前驱,哈弗,哈弗-哈弗H2,中,北京,9.2005,13.68,1-15,15,0,0.0037,False,,False
奔驰/GLC级/2020款 2.0T 自动 GLC300L 4MATIC豪华型,奔驰,奔驰-GLC级,中,上海,6.5424,42.28,1-15,15,0,0.0,False,,False
大众/途观L/2017款 1.8T 自动 330TSI豪华版前驱,大众,大众-途观L,中,石家庄,12.0548,23.49,1-15,15,1,0.0334,True,5->6:0.0334,False
丰田/奕泽E进擎/2020款 E·智享版 纯电动,丰田,丰田-奕泽E进擎,中,杭州,12.9198,20.38,1-15,15,0,-0.0126,False,,False
本田/雅阁/2018款 1.5T 自动 260TURBO精英版 国VI,本田,本田-雅阁,中,济南,18.758,18.98,1-15,15,0,0.0,False,,False
本田/思域/2019款 1.5T 自动 220TURBO劲擎版 国VI,本田,本田-思域,中,金华,10.2353,15.59,1-15,15,0,0.0,False,,False
大众/宝来三厢/2014款 1.4T 自动 舒适型,大众,大众-宝来三厢,中,深圳,8.5353,15.49,1-15,15,1,0.0092,True,3->4:0.0092,False
大众/朗逸/2008款 1.6 手动 品雅版,大众,大众-朗逸,中,天津,13.2748,12.28,1-15,15,0,-0.0073,False,,False
雪佛兰/赛欧三厢/2013款 1.2 手动 时尚版,雪佛兰,雪佛兰-赛欧三厢,差,天津,13.6465,5.94,1-15,15,0,0.0,False,,False
大众/高尔夫/2012款 1.6 手动 舒适型,大众,大众-高尔夫,优,苏州,9.6233,12.68,1-15,15,0,0.0,False,,False
比亚迪/宋PLUS新能源/2025款 DM-i 智驾版 1.5L 自动 112KM 尊贵型,比亚迪,比亚迪-宋PLUS新能源,优,秦皇岛,0.0443,17.58,1-15,15,0,0.0,False,,False
名爵/MG6新能源/2019款 1.5T 自动 50T Pro 混动,名爵,名爵-MG6新能源,中,上海,6.9629,13.98,1-15,15,0,0.0,False,,False
