数据来源,车辆全称,品牌车系,新车的价格,二手车的成交价,车况校正价,使用年限,车辆评级,车辆大类,车辆小类,车辆属性,城市,行驶里程,残值率,rounded_year
优信拍,本田 凌派 2013款 1.8 自动 豪华版,本田-凌派,13.48,2.2,2.51,11.17,差,轿车,紧凑型车,合资,杭州,17.33,0.1862017804154302,11.0
优信拍,宝骏 730 2016款 1.5 手动 豪华型7座,宝骏-730,8.28,1.15,1.15,8.92,中,MPV,紧凑型车,国产,金华,7.83,0.1388888888888889,9.0
优信拍,斯柯达 昕锐 2013款 1.4 手动 乐选版,斯柯达-昕锐,7.99,0.78,0.78,11.42,中,轿车,紧凑型车,合资,杭州,14.49,0.097622027534418,11.0
优信拍,日产 骊威 2010款 1.6 自动 劲锐版标准型,日产-骊威,11.68,1.12,1.02,15.33,优,轿车,小型车,合资,广州,12.89,0.0873287671232876,15.0
优信拍,五菱汽车 宏光 2015款 1.5 手动 S1标准型,五菱-宏光,5.88,0.66,0.75,8.92,差,MPV,微型车,国产,宜昌,9.8,0.1275510204081632,9.0
优信拍,大众 迈腾 2017款 1.8T 自动 330TSI豪华型,大众-迈腾,23.49,5.87,5.87,8.08,中,轿车,中型车,合资,沈阳,14.79,0.2498935717326522,8.0
优信拍,宝马 X1（进口） 2010款 3.0 自动 25i四驱 (进口),宝马-X1,39.9,2.11,2.11,13.33,中,SUV,紧凑型车,合资,北京,13.86,0.0528822055137844,13.0
优信拍,标致 408 2013款 2.0 自动 舒适型,标致-408,15.79,0.92,0.92,12.25,中,轿车,紧凑型车,合资,南京,13.78,0.058264724509183,12.0
优信拍,日产 逍客 2011款 1.6 手动 XE风前驱,日产-逍客,13.98,0.97,0.97,13.92,中,SUV,紧凑型车,合资,深圳,23.23,0.069384835479256,14.0
有辆,日产 天籁 2013款 2.0 无级 XE 时尚版,日产-天籁,17.78,2.4,2.74,10.83,差,轿车,中型车,合资,深圳,12.92,0.1541057367829021,11.0
优信拍,广汽传祺 传祺GS4 2017款 1.5T 自动 235T精英版前驱,传祺-GS4,15.38,2.6,2.6,7.0,中,SUV,紧凑型车,国产,湘潭,16.72,0.1690507152145643,7.0
优信拍,福特 翼虎 2017款 1.5T 自动 EcoBoost180豪翼型四驱,福特-翼虎,22.98,3.05,3.05,8.25,中,SUV,紧凑型车,合资,金华,12.37,0.1327241079199303,8.0
有辆,比亚迪 S6 2011款 2.0 手动 豪华型,比亚迪-S6,8.99,0.38,0.38,12.42,中,SUV,紧凑型车,国产,烟台,23.5,0.0422691879866518,12.0
优信拍,大众 途安 2011款 1.4T 自动 智臻版5座,大众-途安,20.08,1.89,1.89,13.08,中,MPV,紧凑型车,合资,北京,12.23,0.0941235059760956,13.0
有辆,雪佛兰 科鲁兹 2013款 1.6 手动 SL 天窗版,雪佛兰-科鲁兹,11.29,0.4,0.4,11.92,中,轿车,紧凑型车,合资,郑州,22.7,0.0354295837023915,12.0
优信拍,五菱汽车 宏光 2015款 1.2 手动 S基本型5-8座 国IV,五菱-宏光,4.93,0.57,0.57,9.33,中,MPV,微型车,国产,杭州,24.77,0.1156186612576064,9.0
优信拍,大众 速腾 2009款 1.6 手动 舒适型,大众-速腾,13.88,0.48,0.45,15.92,优,轿车,紧凑型车,合资,哈尔滨,16.79,0.0324207492795389,16.0
优信拍,本田 冠道 2020款 2.0T 自动 370TURBO尊享版四驱,本田-冠道,33.28,14.7,14.7,2.25,中,SUV,中型车,合资,泉州,9.9,0.4417067307692307,2.0
有辆,现代 第八代索纳塔 2011款 2.0 手自一体 LUXURY 至尊型,现代-索纳塔,20.39,0.56,0.64,13.67,差,轿车,中型车,合资,杭州,12.94,0.0313879352623835,14.0
优信拍,比亚迪 秦L 2024款 1.5L 自动 DM-i 80KM超越型,比亚迪-秦,10.98,5.14,5.87,1.17,差,轿车,中型车,国产,海口,1.15,0.5346083788706739,1.0
优信拍,大众 桑塔纳 2013款 1.6 自动 风尚版,大众-桑塔纳,9.99,1.21,1.21,11.83,中,轿车,紧凑型车,合资,北京,14.83,0.1211211211211211,12.0
优信拍,别克 GL8 2014款 2.4 自动 经典版,别克-GL8,20.9,3.3,3.3,10.08,中,MPV,中大型车,合资,上海,6.76,0.1578947368421052,10.0
有辆,别克 昂科威 2016款 1.5T 双离合 20T 两驱领先型,别克-昂科威,21.99,3.5,3.5,9.83,中,SUV,中型车,合资,上海,8.15,0.1591632560254661,10.0
优信拍,腾势 腾势X 2020款 2.0T 自动 PHEV旗舰版 混动,腾势-腾势,32.88,5.25,5.25,4.5,中,轿车,中型车,合资,金华,8.72,0.1596715328467153,4.0
优信拍,本田 雅阁 2014款 2.4 自动 豪华导航版EXN,本田-雅阁,23.58,4.24,4.24,11.17,中,轿车,中型车,合资,武汉,11.98,0.179813401187447,11.0
有辆,日产 阳光 2015款 1.5 手动 XE 舒适版,日产-阳光,8.4,0.65,0.74,10.08,差,轿车,紧凑型车,合资,苏州,10.45,0.088095238095238,10.0
有辆,雪佛兰 科鲁兹 2012款 1.6 手动 SL,雪佛兰-科鲁兹,12.39,0.26,0.3,12.75,差,轿车,紧凑型车,合资,昆明,21.0,0.0242130750605326,13.0
优信拍,奔驰 GLA级 2016款 1.6T 自动 GLA200动感型前驱,奔驰-GLA级,29.98,4.68,4.68,9.33,中,SUV,紧凑型车,合资,惠州,10.74,0.1561040693795863,9.0
优信拍,大众 探岳GTE 2020款 1.4T 自动 豪华型 混动,大众-探岳,24.98,6.6,6.6,4.0,中,SUV,中型车,合资,天津,10.79,0.2642113690952762,4.0
有辆,大众 POLO 2016款 1.4 手动 风尚型,大众-POLO,7.59,1.19,1.19,10.42,中,轿车,小型车,合资,烟台,10.3,0.1567852437417654,10.0
优信拍,别克 英朗三厢 2019款 1.3T 自动 18T互联精英型 国VI,别克-英朗,13.69,2.24,2.24,5.25,中,轿车,紧凑型车,合资,合肥,5.32,0.1636230825420014,5.0
有辆,大众 迈腾 2017款 2.0TSI 双离合 380TSI 豪华型,大众-迈腾,24.99,5.53,5.53,8.25,中,轿车,中型车,合资,武汉,6.1,0.2212885154061624,8.0
有辆,大众 帕萨特 2011款 2.0TSI 双离合 至尊版,大众-帕萨特,28.18,2.27,2.27,12.17,中,轿车,中型车,合资,成都,10.29,0.0805535841022001,12.0
优信拍,大众 帕萨特 2017款 1.8T 自动 330TSI尊荣版,大众-帕萨特,20.29,5.67,5.67,7.92,中,轿车,中型车,合资,天津,12.07,0.279448003942829,8.0
有辆,长安 逸动 2016款 1.6 手动 风尚型,长安-逸动,8.09,0.34,0.38,9.5,差,轿车,紧凑型车,国产,威海,19.7,0.0469715698393077,10.0
有辆,江淮 瑞风S3 2015款 1.5 手动 豪华智能尊享版,江淮-瑞风,7.88,0.3,0.3,9.5,中,SUV,小型车,国产,海口,13.6,0.0380710659898477,10.0
有辆,斯柯达 昊锐 2012款 1.8TSI 手自一体 优雅版,斯柯达-昊锐,20.79,1.58,1.58,11.83,中,轿车,中型车,合资,西安,5.43,0.075998075998076,12.0
优信拍,大众 迈腾 2017款 1.8T 自动 330TSI领先型,大众-迈腾,21.99,5.93,5.93,8.33,中,轿车,中型车,合资,邯郸,14.16,0.2696680309231469,8.0
优信拍,比亚迪 宋 2016款 1.5T 手动 盖世版精英型前驱,比亚迪-宋,9.99,1.25,1.25,8.42,中,SUV,紧凑型车,国产,唐山,10.25,0.1251251251251251,8.0
优信拍,别克 君越 2009款 2.4 自动 豪雅型,别克-君越,25.29,0.51,0.47,15.58,优,轿车,中型车,合资,深圳,23.47,0.018584420719652,16.0
有辆,大众 朗逸 2013款 1.6 手自一体 风尚版(改款),大众-朗逸,11.98,1.5,1.5,11.67,中,轿车,紧凑型车,合资,大连,31.27,0.1252086811352253,12.0
优信拍,雪佛兰 科沃兹 2016款 1.5 手动 欣享版,雪佛兰-科沃兹,7.99,1.3,1.19,7.92,优,轿车,紧凑型车,合资,泰安,12.99,0.1489361702127659,8.0
优信拍,丰田 雷凌 2017款 1.2T 自动 185T精英版 改款,丰田-雷凌,12.68,3.24,3.24,7.5,中,轿车,紧凑型车,合资,西安,17.71,0.2555205047318612,8.0
优信拍,别克 英朗三厢 2016款 1.5 自动 15N精英型,别克-英朗,12.69,2.0,2.0,8.75,中,轿车,紧凑型车,合资,上海,6.78,0.1576044129235618,9.0
优信拍,比亚迪 秦新能源 2015款 1.5T 自动 双冠旗舰PLUS版,比亚迪-秦,20.98,0.77,0.88,8.83,差,轿车,紧凑型车,国产,深圳,10.32,0.0419447092469018,9.0
优信拍,别克 威朗三厢 2017款 1.5 自动 15S进取型,别克-威朗,13.59,2.0,2.0,8.75,中,轿车,紧凑型车,合资,深圳,14.74,0.1471670345842531,9.0
优信拍,丰田 卡罗拉 2007款 1.8 手动 GLi,丰田-卡罗拉,14.18,0.51,0.51,17.42,中,轿车,紧凑型车,合资,武汉,18.58,0.0359661495063469,17.0
优信拍,丰田 卡罗拉 2011款 1.6 自动 GL,丰田-卡罗拉,13.18,1.77,1.77,11.0,中,轿车,紧凑型车,合资,杭州,17.26,0.1342943854324734,11.0
有辆,猎豹 CS10 2016款 2.0T 手动 新锐型,猎豹-CS10,9.68,0.72,0.72,8.5,中,SUV,紧凑型车,国产,郑州,3.4,0.0743801652892562,8.0
优信拍,现代 悦纳RV 2017款 1.4L 自动 炫酷版GLS 国V,现代-悦纳,8.88,1.67,1.67,7.67,中,轿车,小型车,合资,长春,7.36,0.188063063063063,8.0
优信拍,福特 福克斯两厢 2012款 1.6 手动 舒适型,福特-福克斯,11.99,0.72,0.72,12.08,中,轿车,紧凑型车,合资,嘉兴,13.1,0.0600500417014178,12.0
优信拍,路虎 发现神行 2016款 2.0T 自动 SE,路虎-发现神行,43.8,6.13,6.13,8.33,中,SUV,中型车,合资,深圳,16.15,0.1399543378995434,8.0
有辆,传祺 GS7 2017款 1.8T 手自一体 280T 两驱豪华版,传祺-传祺(GA5),16.18,3.99,3.99,5.92,中,轿车,中型车,国产,长沙,8.62,0.2466007416563659,6.0
优信拍,日产 轩逸 2021款 1.6 自动 XL悦享版,日产-轩逸,14.08,4.89,4.89,4.42,中,轿车,紧凑型车,合资,咸宁,7.85,0.3473011363636363,4.0
优信拍,雪佛兰 科鲁泽 2020款 1.5 自动 320悦畅版,雪佛兰-科鲁泽,11.79,3.34,3.34,4.83,中,轿车,紧凑型车,合资,合肥,4.34,0.2832909245122986,5.0
优信拍,现代 ix35 2010款 2.0 自动 GLS尊贵版四驱,现代-ix35,21.58,0.58,0.53,13.08,优,SUV,紧凑型车,合资,北京,11.69,0.0245597775718257,13.0
有辆,领克 领克01 2017款 2.0T 手自一体 型,领克-领克01,17.88,3.9,3.9,7.08,中,SUV,紧凑型车,合资,西安,10.0,0.2181208053691275,7.0
优信拍,宝骏 510 2019款 1.5 手动 乐享型,宝骏-510,6.38,2.1,1.92,5.58,优,SUV,小型车,国产,曲靖,3.73,0.3009404388714733,6.0
优信拍,奔驰 AMG-GLC级 2017款 3.0T 自动 AMG GLC43轿跑SUV四驱 (进口),奔驰-GLC级,42.9,15.95,14.59,6.25,优,SUV,中型车,合资,广州,12.06,0.3400932400932401,6.0
优信拍,宝马 5系 2018款 2.0T 自动 528Li上市特别版,宝马-5系,44.99,15.12,13.83,7.17,优,轿车,中大型车,合资,深圳,3.1,0.3074016448099577,7.0
有辆,丰田 凯美瑞经典 2013款 2.0 自动 200GVP 豪华版,丰田-凯美瑞,19.38,2.51,2.51,10.58,中,轿车,中型车,合资,深圳,30.0,0.1295149638802889,11.0
优信拍,本田 飞度两厢 2011款 1.3 自动 舒适型,本田-飞度,8.98,1.2,1.2,12.58,中,轿车,小型车,合资,宁波,6.12,0.1336302895322939,13.0
优信拍,别克 英朗三厢 2016款 1.5 自动 15N精英型,别克-英朗,12.69,1.77,1.77,8.67,中,轿车,紧凑型车,合资,上海,20.65,0.1394799054373522,9.0
优信拍,本田 雅阁 2010款 2.4 自动 百万纪念版,本田-雅阁,22.98,1.77,1.77,15.17,中,轿车,中型车,合资,杭州,18.21,0.0770234986945169,15.0
有辆,标致 2008 2014款 1.6 手动 潮流版,标致-2008,8.97,0.75,0.75,8.83,中,SUV,小型车,合资,西安,10.7,0.0836120401337792,9.0
有辆,雪佛兰 赛欧-三厢 2013款 1.2 序列变速 理想版,雪佛兰-赛欧,5.94,0.22,0.26,11.75,差,轿车,小型车,合资,海口,11.0,0.0437710437710437,12.0
优信拍,哈弗 哈弗F7 2020款 2.0T 自动 i范前驱,哈弗-F7,15.49,4.31,4.31,5.25,中,SUV,紧凑型车,国产,唐山,5.41,0.2782440284054228,5.0
优信拍,方程豹 豹5 2023款 云辇旗舰版,方程豹-豹5,35.28,20.47,18.73,1.08,优,SUV,中型车,国产,泉州,0.62,0.5308956916099773,1.0
优信拍,大众 途观L 2018款 2.0T 自动 330TSI豪华版前驱 国V 改款,大众-途观,35.98,7.1,6.5,6.92,优,SUV,中型车,合资,苏州,9.0,0.1806559199555308,7.0
优信拍,奔驰 GLA级 2018款 1.6T 自动 GLA200时尚型前驱,奔驰-GLA级,32.56,6.54,5.98,7.0,优,SUV,紧凑型车,合资,武汉,9.33,0.1836609336609336,7.0
优信拍,宝骏 560 2016款 1.8L 自动 iAMT豪华型,宝骏-560,9.48,0.71,0.65,9.17,优,SUV,紧凑型车,国产,合肥,13.26,0.0685654008438818,9.0
优信拍,宝马 5系 2011款 2.5 自动 523Li豪华型,宝马-5系,48.96,2.81,2.81,14.75,中,轿车,中大型车,合资,盐城,11.72,0.0573937908496732,15.0
优信拍,本田 杰德 2016款 1.8 自动 舒适精英版5座,本田-杰德,15.78,2.45,2.8,9.75,差,轿车,紧凑型车,合资,深圳,24.89,0.1774397972116603,10.0
优信拍,标致 508 2012款 2.0 自动 天窗经典版,标致-508,18.17,0.9,0.9,13.0,中,轿车,中型车,合资,哈尔滨,17.58,0.0495321959273527,13.0
优信拍,奔驰 GLA级 2018款 1.6T 自动 GLA200动感型前驱,奔驰-GLA级,32.56,6.59,6.03,7.25,优,SUV,紧凑型车,合资,深圳,9.25,0.1851965601965602,7.0
优信拍,丰田 亚洲龙 2019款 2.0L 自动 豪华版 国VI,丰田-亚洲龙,21.78,8.05,9.2,4.92,差,轿车,中型车,合资,广州,9.74,0.4224058769513314,5.0
优信拍,丰田 雷凌 2022款 双擎 1.8H E-CVT自动 进取版,丰田-雷凌,13.98,5.57,5.1,3.08,优,轿车,紧凑型车,合资,武汉,3.41,0.3648068669527897,3.0
优信拍,荣威 i6 2019款 1.6 自动 PLUS 4G互联至尊大赞版,荣威-i6,11.48,1.61,1.61,5.67,中,轿车,紧凑型车,国产,长春,8.82,0.1402439024390244,6.0
有辆,大众 迈腾 2012款 1.8TSI 双离合 豪华版,大众-迈腾,23.28,2.55,2.55,12.75,中,轿车,中型车,合资,青岛,18.7,0.1095360824742267,13.0
优信拍,长安凯程 欧诺S 2015款 1.5 手动 幸福版,长安凯程-欧诺,5.69,0.49,0.49,10.25,中,MPV,紧凑型车,国产,武汉,7.12,0.086115992970123,10.0
有辆,大众 桑塔纳 2019款 1.5 手动 风尚版,大众-桑塔纳,8.69,2.81,2.81,4.92,中,轿车,紧凑型车,合资,唐山,4.77,0.3233601841196778,5.0
优信拍,别克 昂科威Plus 2017款 1.5T 自动 20T豪华型四驱,别克-昂科威,26.99,3.5,3.2,7.83,优,SUV,中型车,合资,深圳,13.99,0.1185624305298258,8.0
优信拍,大众 帕萨特新能源 2020款 1.4T 自动 430PHEV豪华版 混动 国VI,大众-帕萨特,25.39,7.52,7.52,4.42,中,轿车,中型车,合资,上海,12.66,0.2961795982670342,4.0
优信拍,别克 英朗三厢 2017款 1.5 自动 15N精英型,别克-英朗,12.69,2.21,2.21,7.92,中,轿车,紧凑型车,合资,天津,19.75,0.1741528762805358,8.0
有辆,大众 POLO 2013款 1.4 手自一体 舒适版,大众-POLO,10.69,1.05,1.2,11.58,差,轿车,小型车,合资,南昌,7.9,0.1122544434050514,12.0
优信拍,现代 ix35 2013款 2.0 自动 GLS智能型前驱 国IV,现代-ix35,18.38,0.99,0.91,12.0,优,SUV,紧凑型车,合资,深圳,27.18,0.0495103373231773,12.0
优信拍,宝马 5系 2014款 2.0T 自动 525Li豪华设计套装,宝马-5系,46.66,7.0,7.0,11.0,中,轿车,中大型车,合资,广州,8.95,0.1500214316330904,11.0
优信拍,现代 ix25 2015款 1.6 自动 GLS智能型前驱,现代-ix25,14.28,3.16,3.16,8.42,中,SUV,小型车,合资,深圳,18.51,0.2212885154061624,8.0
有辆,海马 福美来一代 2005款 1.6 自动 舒适版,海马-福美来,8.89,0.21,0.25,19.5,差,轿车,紧凑型车,国产,烟台,15.0,0.0281214848143981,20.0
优信拍,比亚迪 宋L DM-i 2024款 1.5L 自动 160km 卓越型,比亚迪-宋,17.58,10.24,9.37,0.75,优,SUV,紧凑型车,国产,苏州,0.41,0.5329920364050057,1.0
优信拍,奥迪 Q3 2015款 1.4T 自动 30TFSI舒适型前驱,奥迪-Q3,28.98,3.96,3.96,10.58,中,SUV,紧凑型车,合资,北京,9.73,0.1366459627329192,11.0
有辆,别克 英朗GT 2013款 1.6 手动 舒适版,别克-英朗,13.27,0.6,0.6,10.5,中,轿车,紧凑型车,合资,南阳,11.1,0.0452147701582517,10.0
有辆,大众 宝来经典 2006款 1.6 手动 豪华版HL,大众-宝来,11.88,0.25,0.25,18.17,中,轿车,紧凑型车,合资,成都,26.78,0.021043771043771,18.0
优信拍,大众 POLO两厢 2013款 1.6 自动 豪华版,大众-POLO,12.39,1.7,1.7,12.33,中,轿车,小型车,合资,上海,7.22,0.1372074253430185,12.0
优信拍,丰田 卡罗拉 2017款 改款 1.2T 自动 S-CVT GL,丰田-卡罗拉,13.68,2.5,2.86,7.33,差,轿车,紧凑型车,合资,襄阳,7.99,0.2090643274853801,7.0
有辆,铃木 奥拓 2010款 1.0 手动 炫酷版,铃木-奥拓,5.39,0.45,0.49,13.5,差,轿车,微型车,合资,文山壮族苗族自治州,12.57,0.0909090909090909,14.0
优信拍,哈弗 哈弗H6 2016款 1.5T 自动 升级版精英型前驱,哈弗-H6,13.28,0.85,0.97,8.92,差,SUV,紧凑型车,国产,东莞,12.3,0.0730421686746988,9.0
优信拍,奥迪 A6L 2012款 2.5 自动 30FSI豪华型,奥迪-A6,65.3,5.4,5.4,12.58,中,轿车,中大型车,合资,上海,16.29,0.0826952526799387,13.0
优信拍,现代 瑞纳三厢 2014款 1.4 手动 GLS智能型,现代-瑞纳,7.89,0.98,0.98,10.83,中,轿车,小型车,合资,嘉兴,6.62,0.1242078580481622,11.0
有辆,五菱 宏光 2013款 1.5 手动 豪华型7-8座,五菱-宏光,6.98,0.28,0.32,10.83,差,MPV,微型车,国产,株洲,10.45,0.0458452722063037,11.0
优信拍,雪佛兰 迈锐宝 2014款 2.0 自动 豪华版,雪佛兰-迈锐宝,18.69,1.56,1.56,9.75,中,轿车,中型车,合资,哈尔滨,19.02,0.0834670947030497,10.0
优信拍,东风风行 景逸X3 2016款 1.5 手动 舒适型5座,风行-景逸,6.99,0.7,0.64,9.08,优,轿车,紧凑型车,国产,郑州,7.89,0.0915593705293276,9.0
有辆,福特 福克斯-三厢 2012款 1.6 双离合 舒适型,福特-福克斯,13.09,0.32,0.36,12.75,差,轿车,紧凑型车,合资,烟台,10.0,0.027501909854851,13.0
优信拍,现代 索纳塔 2013款 2.4 自动 GLX豪华版 国IV,现代-索纳塔,19.99,1.77,1.77,12.17,中,轿车,中型车,合资,天津,13.34,0.088544272136068,12.0
有辆,丰田 凯美瑞 2011款 2.4 手自一体 240G 经典型周年纪念版,丰田-凯美瑞,21.58,1.35,1.54,13.92,差,轿车,中型车,合资,大连,33.63,0.0713623725671918,14.0
优信拍,大众 POLO两厢 2016款 1.4 手动 风尚型,大众-POLO,7.59,1.8,1.8,9.25,中,轿车,小型车,合资,邯郸,8.43,0.2371541501976284,9.0
优信拍,日产 天籁 2008款 2.0 自动 XL舒适版,日产-天籁,19.98,0.69,0.79,15.58,差,轿车,中型车,合资,杭州,18.19,0.0395395395395395,16.0
优信拍,丰田 卡罗拉 2019款 1.8 自动 GL-i双擎精英版 混动,丰田-卡罗拉,15.98,6.02,5.51,5.0,优,轿车,紧凑型车,合资,昆明,4.99,0.3448060075093867,5.0
优信拍,奔驰 C级 2017款 2.0T 自动 C200L运动版 改款,奔驰-C级,35.38,7.97,7.97,8.17,中,轿车,中型车,合资,天津,13.71,0.2252685132843414,8.0
有辆,丰田 卡罗拉 2017款 1.6 无级 GL(改款),丰田-卡罗拉,10.78,2.4,2.74,8.42,差,轿车,紧凑型车,合资,大连,42.2,0.2541743970315399,8.0
有辆,丰田 卡罗拉 2008款 1.8 自动 GL-i 天窗特别版,丰田-卡罗拉,21.48,1.54,1.54,15.92,中,轿车,紧凑型车,合资,大连,7.6,0.0716945996275605,16.0
有辆,马自达 马自达3星骋-三厢 2011款 2.0 手自一体 豪华版,马自达-马自达3,15.38,1.11,1.11,12.25,中,轿车,紧凑型车,合资,武汉,25.1,0.0721716514954486,12.0
优信拍,日产 骐达 2014款 1.6 自动 智能型,日产-骐达,12.63,2.03,2.03,10.83,中,轿车,紧凑型车,合资,杭州,17.46,0.1607284243863816,11.0
优信拍,奔驰 E级 2016款 2.0T 自动 E200L运动型,奔驰-E级,43.68,16.04,16.04,7.08,中,轿车,中大型车,合资,洛阳,10.7,0.3672161172161172,7.0
优信拍,大众 宝来三厢 2021款 1.5 自动 舒适智联版,大众-宝来,13.6,4.04,4.62,4.17,差,轿车,紧凑型车,合资,杭州,8.49,0.3397058823529412,4.0
优信拍,大众 途安 2008款 2.0 手动 智享版5座,大众-途安,16.98,0.77,0.77,15.17,中,MPV,紧凑型车,合资,上海,14.57,0.0453474676089517,15.0
优信拍,比亚迪 元PLUS 2022款 430KM 自动 豪华型,比亚迪-元,13.18,5.21,5.95,2.83,差,SUV,紧凑型车,国产,南京,6.35,0.4514415781487101,3.0
优信拍,福特 蒙迪欧 2013款 2.0T 自动 GTDi200豪华型,福特-蒙迪欧,22.28,2.1,2.4,10.92,差,轿车,中型车,合资,北京,22.88,0.1077199281867145,11.0
优信拍,大众 速腾 2017款 1.6 自动 舒适型,大众-速腾,15.08,4.29,4.29,8.25,中,轿车,紧凑型车,合资,长春,7.81,0.2844827586206896,8.0
有辆,英菲尼迪 Q50L 2015款 2.0T 手自一体 悦享版,英菲尼迪-Q50,30.98,4.4,5.03,9.83,差,轿车,中型车,合资,杭州,7.38,0.1623628147191736,10.0
优信拍,奔驰 GLC级 2017款 2.0T 自动 GLC 200 4MATIC,奔驰-GLC级,42.9,9.15,9.15,8.42,中,SUV,中型车,合资,北京,16.59,0.2132867132867133,8.0
优信拍,宝骏 310 2016款 1.2 手动 豪华型,宝骏-310,4.98,0.95,0.95,8.92,中,轿车,小型车,国产,哈尔滨,5.89,0.1907630522088353,9.0
有辆,大众 高尔夫·嘉旅 2018款 1.4TSI 双离合 230TSI 进取型,大众-高尔夫,17.19,4.09,4.09,8.33,中,轿车,紧凑型车,合资,烟台,13.1,0.2379290285049447,8.0
优信拍,日产 LANNIA 蓝鸟 2016款 1.6 自动 智酷版,日产-蓝鸟,13.19,2.64,3.02,8.67,差,轿车,紧凑型车,合资,深圳,6.34,0.2289613343442001,9.0
优信拍,哈弗 哈弗M6 2021款 1.5T 自动 DCT豪华智联型PLUS,哈弗-M6,8.79,5.01,5.01,2.25,中,SUV,紧凑型车,国产,北京,1.94,0.5699658703071673,2.0
优信拍,日产 天籁 2016款 2.5 自动 公爵XV-VIP旗舰版,日产-天籁,29.88,6.99,6.99,6.5,中,轿车,中型车,合资,武汉,8.23,0.2339357429718875,6.0
有辆,雪佛兰 赛欧3 2015款 1.5 手动 幸福版(天窗),雪佛兰-赛欧,7.39,0.41,0.45,10.67,差,轿车,小型车,合资,西安,12.13,0.060893098782138,11.0
优信拍,广汽传祺 传祺GS4 2016款 1.5T 自动 235T豪华版,传祺-GS4,14.38,1.82,1.82,9.08,中,SUV,紧凑型车,国产,武汉,9.1,0.1265646731571627,9.0
优信拍,广汽传祺 传祺M8 2021款 改款 领秀系列 2.0T 自动 390T 豪华版,传祺-M8,17.98,8.6,7.87,4.08,优,MPV,中大型车,国产,深圳,13.17,0.4377085650723025,4.0
有辆,本田 CR-V 2010款 2.0 手动 LXi 都市版,本田-CR-V,18.98,1.0,1.0,15.0,中,SUV,紧凑型车,合资,青岛,38.3,0.0526870389884088,15.0
优信拍,日产 天籁 2014款 2.5 自动 公爵XV荣耀版,日产-天籁,23.18,3.0,3.0,11.08,中,轿车,中型车,合资,南宁,21.36,0.1294219154443485,11.0
优信拍,比亚迪 宋PLUS新能源 2021款 1.5L 自动 DM-i 110KM 旗舰PLUS,比亚迪-宋,15.98,6.75,6.75,2.75,中,SUV,紧凑型车,国产,郑州,6.66,0.4224030037546933,3.0
有辆,大众 途观 2013款 1.8TSI 手自一体 四驱豪华版,大众-途观,27.68,2.37,2.37,12.0,中,SUV,紧凑型车,合资,成都,15.5,0.085621387283237,12.0
有辆,本田 第七代雅阁 2006款 2.4 自动 舒适版,本田-雅阁,22.28,0.86,0.86,19.58,中,轿车,中型车,合资,烟台,20.8,0.0385996409335727,20.0
有辆,大众 朗逸 2017款 1.6 手自一体 舒适版,大众-朗逸,13.69,2.8,3.2,8.25,差,轿车,紧凑型车,合资,成都,10.39,0.2337472607742878,8.0
优信拍,大众 帕萨特 2013款 1.8T 自动 尊荣版,大众-帕萨特,21.58,1.46,1.67,11.92,差,轿车,中型车,合资,西安,22.03,0.077386468952734,12.0
优信拍,大众 桑塔纳 2019款 1.5 手动 风尚版 国VI,大众-桑塔纳,8.69,2.21,2.21,5.83,中,轿车,紧凑型车,合资,北京,15.63,0.2543153049482163,6.0
优信拍,丰田 雷凌 2019款 1.2T 自动 185T豪华版 国VI,丰田-雷凌,13.98,4.49,4.49,5.58,中,轿车,紧凑型车,合资,武汉,8.22,0.321173104434907,6.0
有辆,本田 思域 2016款 1.5T 无级 220TURBO 豪华版,本田-思域,13.99,5.3,5.3,6.42,中,轿车,紧凑型车,合资,海口,9.0,0.3788420300214438,6.0
优信拍,丰田 RAV4荣放 2015款 自动 2.0L CVT两驱风尚版,丰田-RAV4,19.98,4.22,4.22,10.67,中,SUV,紧凑型车,合资,深圳,9.41,0.2112112112112112,11.0
优信拍,雪佛兰 科鲁兹三厢 2013款 1.6 手动 SE,雪佛兰-科鲁兹,11.29,0.5,0.5,12.58,中,轿车,紧凑型车,合资,昆明,12.05,0.0442869796279893,13.0
优信拍,路虎 发现神行 2017款 2.0T 自动 HSE,路虎-发现神行,40.8,5.69,6.5,8.42,差,SUV,中型车,合资,武汉,8.05,0.1593137254901961,8.0
优信拍,日产 奇骏 2010款 2.5 自动 XV至尊型,日产-奇骏,22.98,2.08,2.08,13.75,中,SUV,紧凑型车,合资,上海,13.15,0.0905134899912967,14.0
优信拍,长安凯程 欧诺S 2012款 1.5L手动 豪华型,长安凯程-欧诺,6.09,0.46,0.43,11.58,优,MPV,紧凑型车,国产,广州,10.84,0.070607553366174,12.0
有辆,现代 途胜 2006款 2.0 手自一体 两驱舒适型,现代-途胜,18.38,0.47,0.47,18.08,中,SUV,紧凑型车,合资,青岛,30.8,0.0255712731229597,18.0
有辆,现代 ix25 2015款 1.6 手自一体 GLS 两驱智能型,现代-ix25,14.28,2.06,2.35,9.42,差,SUV,小型车,合资,福州,23.0,0.1645658263305322,9.0
优信拍,丰田 雷凌 2023款 智能电混双擎 1.8L 自动 运动版,丰田-雷凌,13.38,7.14,6.53,2.0,优,轿车,紧凑型车,合资,中山,1.63,0.4880418535127055,2.0
有辆,福特 锐界 2015款 2.0GTDi 手自一体 四驱豪锐型,福特-锐界,31.98,3.5,4.0,9.92,差,SUV,中型车,合资,曲靖,17.6,0.1250781738586616,10.0
优信拍,比亚迪 秦PLUS 2021款 1.5 自动 DM-i 55KM 旗舰型,比亚迪-秦,14.58,3.54,3.54,2.92,中,轿车,紧凑型车,国产,金华,16.34,0.242798353909465,3.0
优信拍,现代 瑞纳三厢 2014款 1.4 自动 GLS智能型,现代-瑞纳,8.69,1.2,1.2,11.0,中,轿车,小型车,合资,惠州,16.05,0.1380897583429229,11.0
优信拍,比亚迪 海鸥 2023款 自由版,比亚迪-海鸥,8.38,4.0,4.57,1.67,差,轿车,小型车,国产,成都,4.72,0.5453460620525059,2.0
优信拍,荣威 RX5新能源 2020款 1.5T 自动 ePLUS 国潮荣麟旗舰版,荣威-RX5,16.58,3.88,3.55,4.58,优,SUV,紧凑型车,国产,上海,11.54,0.2141133896260555,5.0
优信拍,比亚迪 元PLUS 2023款 冠军版 510KM 超越型,比亚迪-元,14.58,8.0,7.32,1.08,优,SUV,紧凑型车,国产,聊城,0.61,0.5020576131687243,1.0
优信拍,现代 瑞纳三厢 2014款 1.4 手动 GLS智能型,现代-瑞纳,7.89,1.0,1.0,10.42,中,轿车,小型车,合资,沧州,12.53,0.1267427122940431,10.0
优信拍,哈弗 哈弗H5 2023款 2.0T 自动 四驱领英 汽油,哈弗-H5,15.78,8.07,8.07,1.92,中,SUV,大型车,国产,张家口,1.68,0.5114068441064639,2.0
有辆,起亚 智跑 2011款 2.4 手自一体 四驱 GLS,起亚-智跑,24.98,1.6,1.6,14.25,中,SUV,紧凑型车,合资,昆明,10.0,0.0640512409927942,14.0
优信拍,本田 凌派 2016款 1.8 手动 豪华版,本田-凌派,10.98,2.13,2.13,9.0,中,轿车,紧凑型车,合资,襄阳,10.32,0.1939890710382513,9.0
有辆,菲亚特 菲翔 2012款 1.4T 双离合 畅享版,菲亚特-菲翔,13.38,0.57,0.57,10.83,中,轿车,紧凑型车,合资,长沙,22.2,0.0426008968609865,11.0
优信拍,现代 伊兰特三厢 2022款 1.5L 自动 CVT LUX黑骑士限量版,现代-伊兰特,12.38,4.05,4.63,3.5,差,轿车,紧凑型车,合资,东莞,5.05,0.3739903069466881,4.0
优信拍,奥迪 A4L 2020款 2.0T 自动 40TFSI豪华动感型四驱,奥迪-A4,34.38,11.72,11.72,4.33,中,轿车,中型车,合资,无锡,5.72,0.3408958696916812,4.0
优信拍,雪铁龙 C3-XR 2015款 1.6 手动 先锋型,雪铁龙-C3-XR,11.78,1.01,1.01,9.67,中,SUV,小型车,合资,杭州,6.33,0.0857385398981324,10.0
优信拍,本田 飞度两厢 2007款 1.5 手动 标准型,本田-飞度,10.38,0.32,0.29,17.42,优,轿车,小型车,合资,昆明,9.86,0.0279383429672447,17.0
优信拍,本田 杰德 2013款 1.8 自动 舒适型5座,本田-杰德,16.28,2.56,2.93,11.58,差,轿车,紧凑型车,合资,长春,0.0,0.1799754299754299,12.0
有辆,丰田 皇冠 2006款 2.5 手自一体 Royal,丰田-皇冠,36.98,1.4,1.6,17.83,差,轿车,中大型车,合资,泉州,17.0,0.0432666306111411,18.0
优信拍,现代 索纳塔 2014款 2.0 自动 DLX尊贵版,现代-索纳塔,19.89,2.5,2.5,10.42,中,轿车,中型车,合资,邯郸,13.6,0.1256913021618904,10.0
有辆,本田 飞度 2014款 1.5 手动 LX 舒适型,本田-飞度,7.38,1.6,1.83,9.83,差,轿车,小型车,合资,济南,19.86,0.2479674796747967,10.0
优信拍,大众 POLO两厢 2016款 1.4 手动 风尚型,大众-POLO,7.59,1.5,1.5,9.25,中,轿车,小型车,合资,成都,7.9,0.1976284584980237,9.0
优信拍,比亚迪 F3 2018款 1.5 手动 经典型,比亚迪-F3,4.39,0.52,0.48,6.75,优,轿车,紧凑型车,国产,北京,6.66,0.1093394077448747,7.0
有辆,雪佛兰 迈锐宝 2013款 1.6T 手自一体 SL 舒适版,雪佛兰-迈锐宝,18.19,0.91,0.91,11.58,中,轿车,中型车,合资,大连,17.31,0.0500274876305662,12.0
有辆,标致 308 2013款 1.6 手动 优尚型,标致-308,10.59,0.31,0.35,11.17,差,轿车,紧凑型车,合资,长沙,18.44,0.0330500472143531,11.0
优信拍,日产 轩逸 2019款 1.6 自动 经典XE舒适版,日产-轩逸,10.86,3.31,3.31,5.08,中,轿车,紧凑型车,合资,成都,7.99,0.3047882136279926,5.0
优信拍,长安 CS55 2018款 1.5T 手动 炫色型,长安-CS55,9.09,2.4,2.4,6.5,中,SUV,紧凑型车,国产,安康,10.34,0.264026402640264,6.0
优信拍,比亚迪 S6 2011款 2.4 自动 尊享型,比亚迪-S6,13.09,0.45,0.42,14.0,优,SUV,紧凑型车,国产,大连,17.46,0.0320855614973262,14.0
优信拍,岚图汽车 岚图FREE 2025款 318 259km 四驱探索版,岚图-FREE,26.69,14.45,14.45,1.33,中,SUV,中大型车,国产,武汉,1.53,0.5414012738853503,1.0
优信拍,哈弗 哈弗H1 2015款 1.5 手动 豪华型,哈弗-H1,7.29,0.87,0.87,9.92,中,SUV,小型车,国产,南京,7.8,0.1193415637860082,10.0
优信拍,比亚迪 秦新能源 2018款 EV450智联锋尚型 纯电动,比亚迪-秦,25.065,2.52,2.52,6.58,中,轿车,紧凑型车,国产,北京,14.75,0.1005385996409335,7.0
有辆,福特 翼虎 2013款 1.6GTDi 手自一体 两驱舒适型,福特-翼虎,19.38,1.0,1.0,11.92,中,SUV,紧凑型车,合资,泉州,15.0,0.0515995872033023,12.0
有辆,本田 第九代雅阁 2015款 2.0 无级 LX 舒适版,本田-雅阁,18.98,4.4,5.03,9.5,差,轿车,中型车,合资,广州,12.56,0.2650158061116965,10.0
优信拍,日产 天籁 2008款 2.0 自动 XL舒适版,日产-天籁,19.98,1.48,1.48,14.58,中,轿车,中型车,合资,大连,9.68,0.074074074074074,15.0
优信拍,奔驰 C级 2021款 1.5T 自动 C200L时尚型运动版,奔驰-C级,31.98,16.41,16.41,3.92,中,轿车,中型车,合资,成都,3.33,0.5131332082551595,4.0
有辆,大众 帕萨特 2014款 1.8TSI 双离合 尊雅版,大众-帕萨特,20.38,2.95,2.95,10.67,中,轿车,中型车,合资,北京,20.3,0.1447497546614328,11.0
优信拍,日产 奇骏 2019款 2.0 自动 舒适版前驱,日产-奇骏,20.48,5.5,5.5,6.58,中,SUV,紧凑型车,合资,石家庄,13.31,0.2685546875,7.0
优信拍,大众 速腾 2017款 1.6 自动 舒适型,大众-速腾,15.08,3.9,4.46,8.5,差,轿车,紧凑型车,合资,长春,12.33,0.2957559681697613,8.0
优信拍,大众 捷达 2017款 1.5 自动 时尚型,大众-捷达,9.56,1.3,1.49,6.92,差,轿车,紧凑型车,合资,济南,11.85,0.155857740585774,7.0
优信拍,方程豹 豹5 2023款 云辇旗舰版,方程豹-豹5,35.28,21.03,19.24,1.5,优,SUV,中型车,国产,呼和浩特,0.27,0.5453514739229024,2.0
优信拍,标致 2008 2014款 1.6 自动 时尚版,标致-2008,12.17,1.28,1.28,10.25,中,SUV,小型车,合资,南京,16.45,0.105176663927691,10.0
优信拍,别克 昂科威Plus 2020款 1.5T 自动 20T精英型前驱,别克-昂科威,23.59,6.32,5.78,4.92,优,SUV,中型车,合资,深圳,8.39,0.24501907587961,5.0
优信拍,丰田 RAV4荣放 2013款 特享版 2.0L 自动 精英,丰田-RAV4,20.98,2.19,2.5,12.17,差,SUV,紧凑型车,合资,成都,20.65,0.1191611058150619,12.0
优信拍,日产 骐达 2011款 1.6 自动 智能型,日产-骐达,11.53,1.85,1.85,11.83,中,轿车,紧凑型车,合资,成都,17.05,0.1604509973980919,12.0
有辆,大众 宝来 2016款 1.6 手动 舒适型,大众-宝来,11.98,2.34,2.34,8.58,中,轿车,紧凑型车,合资,大连,12.58,0.1953255425709515,9.0
优信拍,大众 途观 2015款 1.8T 自动 舒适版前驱,大众-途观,24.58,3.87,3.87,9.33,中,SUV,紧凑型车,合资,上海,11.98,0.1574450772986168,9.0
优信拍,哈弗 哈弗H6 2021款 1.5T 自动 第三代两驱Pro,哈弗-H6,11.9,4.79,4.79,4.17,中,SUV,紧凑型车,国产,天津,5.44,0.4025210084033613,4.0
优信拍,东风风行 菱智 2019款 1.6 手动 V3标准型2座 国V,风行-菱智,6.39,1.53,1.53,4.75,中,MPV,中型车,国产,深圳,7.77,0.2394366197183098,5.0
有辆,日产 骐达 2019款 1.6 无级 智行版,日产-骐达,12.59,3.8,3.8,5.42,中,轿车,紧凑型车,合资,南昌,4.6,0.3018268467037331,5.0
优信拍,大众 凌渡 2021款 改款 1.4T 自动 280TSI DSG舒适版,大众-凌渡,17.69,8.13,8.13,3.25,中,轿车,紧凑型车,合资,杭州,4.08,0.4595816845675523,3.0
优信拍,东风风神 风神AX7 2020款 1.6T 自动 AI领航型 国VI,风神-AX7,12.39,3.81,3.49,5.42,优,SUV,紧凑型车,国产,东莞,5.71,0.2816787732041969,5.0
有辆,吉利 缤瑞 2018款 1.4T 无级 14T 缤致版,吉利-缤瑞,9.68,2.15,2.15,6.58,中,轿车,紧凑型车,国产,南昌,5.0,0.2221074380165289,7.0
有辆,风光 风光580 2016款 1.8 手动 舒适型,风光-风光,7.9,0.68,0.68,8.75,中,SUV,中型车,国产,常德,14.21,0.0860759493670886,9.0
优信拍,五菱汽车 宏光 2013款 1.2 手动 S舒适型5-8座,五菱-宏光,6.18,0.5,0.57,11.58,差,MPV,微型车,国产,西安,17.31,0.0922330097087378,12.0
优信拍,比亚迪 海鸥 2023款 自由版,比亚迪-海鸥,8.38,3.65,3.65,1.92,中,轿车,小型车,国产,天津,4.01,0.4355608591885441,2.0
优信拍,大众 CC 2013款 1.8T 自动 豪华型,大众-CC,25.28,3.89,3.89,12.17,中,轿车,中型车,合资,嘉兴,10.61,0.153876582278481,12.0
优信拍,本田 凌派 2019款 1.0T 自动 180Turbo舒适版 国VI,本田-凌派,10.98,3.1,3.54,4.25,差,轿车,紧凑型车,合资,成都,15.05,0.3224043715846994,4.0
优信拍,比亚迪 F3 2018款 1.5 手动 经典型,比亚迪-F3,4.39,0.9,0.9,7.17,中,轿车,紧凑型车,国产,天津,3.86,0.2050113895216401,7.0
优信拍,丰田 卡罗拉 2014款 1.6 自动 GL-i,丰田-卡罗拉,13.68,2.73,2.73,10.83,中,轿车,紧凑型车,合资,朝阳,17.54,0.1995614035087719,11.0
优信拍,大众 速腾 2012款 1.4T 自动 豪华型,大众-速腾,15.58,1.08,1.23,12.42,差,轿车,紧凑型车,合资,哈尔滨,23.94,0.0789473684210526,12.0
优信拍,大众 途观 2013款 1.8T 自动 豪华版四驱,大众-途观,27.68,2.8,2.8,10.17,中,SUV,紧凑型车,合资,上海,22.71,0.1011560693641618,10.0
有辆,福特 福睿斯 2015款 1.5 手自一体 舒适型,福特-福睿斯,10.78,1.29,1.47,9.42,差,轿车,紧凑型车,合资,重庆,11.82,0.1363636363636363,9.0
有辆,雪佛兰 科鲁兹 2013款 1.8 手自一体 SE,雪佛兰-科鲁兹,14.09,0.51,0.58,11.5,差,轿车,紧凑型车,合资,重庆,9.9,0.0411639460610362,12.0
有辆,别克 威朗 2017款 1.5 手自一体 15S 进取型,别克-威朗,13.59,1.28,1.46,8.83,差,轿车,紧凑型车,合资,苏州,23.25,0.1074319352465047,9.0
优信拍,雪铁龙 C5 2014款 1.6T 自动 尊享型,雪铁龙-C5,18.99,2.0,2.0,9.92,中,轿车,中型车,合资,北京,8.19,0.105318588730911,10.0
优信拍,江汽集团 瑞风S3 2014款 1.5 手动 豪华智能型,江淮-瑞风,7.48,0.7,0.64,9.92,优,SUV,小型车,国产,深圳,4.74,0.0855614973262032,10.0
优信拍,长安 CS75 2017款 1.5T 手动 尚酷版悦享型,长安-CS75,9.38,1.61,1.84,6.67,差,SUV,紧凑型车,国产,济南,9.13,0.1961620469083155,7.0
优信拍,日产 奇骏 2021款 1.5T VC-Turbo 300 CVT 2WD豪华版,日产-奇骏,20.79,7.21,6.6,3.08,优,SUV,紧凑型车,合资,石家庄,3.42,0.3174603174603174,3.0
优信拍,日产 逍客 2019款 2.0 自动 旗舰版,日产-逍客,18.59,5.46,5.46,6.17,中,SUV,紧凑型车,合资,宜春,11.03,0.2937062937062937,6.0
优信拍,福特 翼虎 2013款 1.6T 自动 GTDi精英型四驱,福特-翼虎,23.98,2.47,2.47,11.5,中,SUV,紧凑型车,合资,北京,12.07,0.1030025020850709,12.0
优信拍,荣威 RX5 2021款 PLUS 1.5T 自动 330TGI 国潮智臻版,荣威-RX5,13.88,3.98,3.98,3.92,中,SUV,紧凑型车,国产,揭阳,3.04,0.286743515850144,4.0
优信拍,比亚迪 元PLUS 2022款510KM 旗舰型,比亚迪-元,15.18,7.51,7.51,1.75,中,SUV,紧凑型车,国产,广州,1.84,0.494729907773386,2.0
有辆,大众 途观 2015款 1.8TSI 手自一体 两驱豪华版,大众-途观,25.98,2.9,3.31,9.33,差,SUV,紧凑型车,合资,重庆,10.3,0.1274056966897613,9.0
优信拍,奔驰 E级（进口） 2021款 改款 E 300 自动 运动版 (进口),奔驰-E级,49.78,20.01,20.01,3.67,中,轿车,中大型车,合资,杭州,12.72,0.4019686621132985,4.0
优信拍,别克 英朗三厢 2017款 1.5 自动 15N精英型,别克-英朗,12.69,2.37,2.37,7.58,中,轿车,紧凑型车,合资,宁波,8.73,0.1867612293144208,8.0
有辆,现代 名图 2016款 1.6T 双离合 GLS 智能型,现代-名图,15.98,3.04,3.04,8.33,中,轿车,中型车,合资,威海,8.5,0.1902377972465582,8.0
优信拍,比亚迪 汉 2024款 EV 荣耀版 506KM前驱尊贵型,比亚迪-汉,17.98,11.28,10.32,0.92,优,轿车,中大型车,国产,海口,0.22,0.5739710789766407,1.0
优信拍,本田 凌派 2016款 1.8 自动 豪华版,本田-凌派,13.48,3.5,3.5,7.92,中,轿车,紧凑型车,合资,沈阳,14.92,0.2596439169139465,8.0
优信拍,大众 速腾 2015款 1.6 自动 舒适型,大众-速腾,14.48,3.03,3.03,9.0,中,轿车,紧凑型车,合资,哈尔滨,8.91,0.2092541436464088,9.0
有辆,本田 飞度 2014款 1.5 无级 LX 舒适型,本田-飞度,8.18,2.21,2.21,10.25,中,轿车,小型车,合资,佛山,10.0,0.2701711491442543,10.0
优信拍,大众 帕萨特 2014款 1.8T 自动 御尊版,大众-帕萨特,24.28,1.9,1.9,11.08,中,轿车,中型车,合资,嘉兴,14.29,0.0782537067545304,11.0
优信拍,宝马 3系 2019款 2.0T 自动 320Li时尚型,宝马-3系,34.98,9.7,9.7,6.5,中,轿车,中型车,合资,北京,5.84,0.2773013150371641,6.0
优信拍,大众 朗逸三厢 2013款 1.6 手动 舒适版,大众-朗逸,12.59,0.85,0.85,12.5,中,轿车,紧凑型车,合资,镇江,24.06,0.0675138999205718,12.0
有辆,丰田 花冠 2006款 1.8 手动 GLX-i,丰田-花冠,9.28,0.66,0.66,19.0,中,轿车,紧凑型车,合资,大连,16.53,0.0711206896551724,19.0
优信拍,丰田 卡罗拉 2017款 1.8 自动 领先版双擎 混动 改款,丰田-卡罗拉,15.38,2.57,2.94,7.33,差,轿车,紧凑型车,合资,天津,23.08,0.1911573472041612,7.0
优信拍,标致 508 2012款 2.0 自动 豪华版,标致-508,19.97,0.87,0.87,12.83,中,轿车,中型车,合资,天津,13.98,0.043565348022033,13.0
优信拍,奥迪 Q5 2017款 2.0T 自动 40TFSI舒适型,奥迪-Q5,46.95,7.84,7.84,7.17,中,SUV,中型车,合资,深圳,17.18,0.166986155484558,7.0
优信拍,长城 M4 2012款 1.5 手动 豪华型,长城-M4,6.89,0.46,0.43,11.42,优,SUV,小型车,国产,长春,15.91,0.0624092888243831,11.0
优信拍,日产 骊威 2010款 1.6 手动 劲悦版全能型,日产-骊威,9.58,0.5,0.5,13.08,中,轿车,小型车,合资,汕头,11.68,0.0521920668058455,13.0
优信拍,大众 速腾 2015款 1.4T 自动 230TSI舒适型,大众-速腾,16.08,3.43,3.43,9.08,中,轿车,紧凑型车,合资,深圳,9.49,0.2133084577114428,9.0
优信拍,哈弗 哈弗H2 2017款 1.5T 自动 红标豪华型前驱,哈弗-H2,11.38,2.21,2.21,8.67,中,SUV,小型车,国产,长春,6.36,0.1942003514938488,9.0
优信拍,哈弗 哈弗H6 2017款 2.0T 自动 蓝标两驱智尚型,哈弗-H6,13.98,2.7,2.7,7.67,中,SUV,紧凑型车,国产,宿迁,9.88,0.1931330472103004,8.0
有辆,奥迪 A4L 2015款 2.0TFSI 无级 35TFSI 标准型,奥迪-A4,31.28,4.2,4.8,9.75,差,轿车,中型车,合资,昆明,14.8,0.1534526854219948,10.0
有辆,风行 景逸X5 2014款 1.6 手动 尊享型,风行-景逸,8.69,0.45,0.45,11.5,中,SUV,紧凑型车,国产,西安,18.64,0.051783659378596,12.0
优信拍,本田 思域 2016款 1.5T 自动 220TURBO豪华版,本田-思域,12.99,4.44,4.44,7.0,中,轿车,紧凑型车,合资,聊城,6.64,0.3418013856812933,7.0
优信拍,日产 颐达 2008款 1.6L 手动 智能型,日产-颐达,11.68,0.32,0.29,17.67,优,轿车,紧凑型车,合资,深圳,10.45,0.0248287671232876,18.0
有辆,五菱 宏光S 2014款 1.5 手动 标准型7-8座,五菱-宏光,5.68,0.5,0.57,9.67,差,MPV,微型车,国产,舟山,11.0,0.1003521126760563,10.0
优信拍,比亚迪 宋 2021款 经典版 1.5T 手动 豪华型,比亚迪-宋,7.98,3.11,2.85,4.17,优,SUV,紧凑型车,国产,南京,3.25,0.3571428571428571,4.0
优信拍,别克 GL8 2017款 2.0T 自动 ES 28T旗舰型,别克-GL8,39.99,9.38,9.38,8.25,中,MPV,中大型车,合资,北京,20.04,0.234558639659915,8.0
优信拍,日产 天籁 2013款 2.5 自动 XL领先版,日产-天籁,21.68,2.71,2.71,10.67,中,轿车,中型车,合资,杭州,12.95,0.125,11.0
有辆,吉利 帝豪GS 2016款 1.3T 手动 运动版领尚型,吉利-帝豪GS,8.98,0.9,1.03,8.42,差,SUV,紧凑型车,国产,深圳,7.9,0.1146993318485523,8.0
优信拍,宝马 5系 2019款 2.0T 自动 530Li领先型M运动套装,宝马-5系,46.39,15.5,15.5,5.58,中,轿车,中大型车,合资,北京,16.33,0.3341237335632679,6.0
优信拍,日产 轩逸 2014款 1.6 自动 XV尊享版,日产-轩逸,13.78,2.75,2.75,9.75,中,轿车,紧凑型车,合资,北京,8.5,0.1995645863570392,10.0
优信拍,福特 福克斯三厢 2012款 1.6 自动 舒适型,福特-福克斯,13.09,1.05,1.05,11.58,中,轿车,紧凑型车,合资,北京,11.43,0.0802139037433155,12.0
优信拍,奥迪 A6L 2010款 2.4 自动 技术型,奥迪-A6,65.3,1.39,1.59,15.08,差,轿车,中大型车,合资,长春,17.76,0.0243491577335375,15.0
优信拍,斯柯达 Yeti 2014款 1.4T 自动 野驱版,斯柯达-Yeti,21.98,2.57,2.57,10.67,中,SUV,小型车,合资,上海,14.2,0.1169244767970882,11.0
优信拍,宝骏 510 2019款 1.5 自动 CVT乐享型 国VI,宝骏-510,6.38,2.6,2.38,4.75,优,SUV,小型车,国产,青岛,5.4,0.3730407523510972,5.0
优信拍,宝马 X1 2016款 2.0T 自动 20Li豪华型前驱,宝马-X1,43.9,6.57,6.57,8.67,中,SUV,紧凑型车,合资,北京,10.87,0.1496583143507972,9.0
优信拍,起亚 狮跑 2013款 2.0 自动 GLS前驱,起亚-狮跑,18.68,1.52,1.52,11.58,中,SUV,紧凑型车,合资,北京,14.3,0.0813704496788008,12.0
有辆,起亚 智跑 2014款 2.0 手自一体 两驱 DLX,起亚-智跑,21.28,1.6,1.6,11.0,中,SUV,紧凑型车,合资,合肥,19.82,0.075187969924812,11.0
优信拍,哪吒汽车 哪吒V 2022款 潮 400 Lite,哪吒-哪吒V,8.19,3.46,3.17,2.5,优,SUV,小型车,国产,沧州,1.31,0.387057387057387,2.0
优信拍,英菲尼迪 Q50L 2015款 2.0T 自动 运动版,英菲尼迪-Q50,42.98,4.73,4.73,10.17,中,轿车,中型车,合资,北京,12.29,0.1100511865984178,10.0
优信拍,大众 迈腾 2020款 2.0T 自动 380TSI豪华型,大众-迈腾,23.39,10.25,10.25,4.58,中,轿车,中型车,合资,杭州,11.04,0.4382214621633176,5.0
有辆,福特 翼虎 2013款 2.0GTDi 手自一体 四驱运动型,福特-翼虎,26.28,1.6,1.83,10.83,差,SUV,紧凑型车,合资,北京,16.39,0.069634703196347,11.0
有辆,别克 英朗 2015款 1.5 手自一体 15N 精英型,别克-英朗,12.69,1.7,1.7,9.5,中,轿车,紧凑型车,合资,重庆,5.76,0.1339637509850275,10.0
有辆,五菱 宏光V 2015款 1.2 手动 实用型7-8座,五菱-宏光,4.18,0.56,0.64,9.5,差,MPV,微型车,国产,大连,12.1,0.1531100478468899,10.0
优信拍,长安 逸动 2023款 畅享版 PLUS 蓝鲸NE 1.4T 自动 GDI DCT尊贵版,长安-逸动,9.39,3.9,4.46,2.42,差,轿车,紧凑型车,国产,抚州,2.39,0.4749733759318423,2.0
优信拍,凯迪拉克 ATS-L 2016款 2.0T 自动 25T舒适型,凯迪拉克-ATS,36.88,4.23,4.23,9.42,中,轿车,中型车,合资,济宁,12.0,0.1146963123644251,9.0
优信拍,丰田 RAV4荣放 2016款 2.0L 自动 CVT两驱舒适版 国V,丰田-RAV4,20.08,7.2,7.2,6.67,中,SUV,紧凑型车,合资,天津,3.88,0.3585657370517928,7.0
有辆,福特 锐界 2015款 2.0GTDi 手自一体 两驱精锐型,福特-锐界,24.98,4.25,4.25,9.0,中,SUV,中型车,合资,成都,11.2,0.1701361088871096,9.0
优信拍,大众 POLO两厢 2014款 1.4 自动 舒适版,大众-POLO,9.89,2.44,2.44,9.42,中,轿车,小型车,合资,北京,9.36,0.2467138523761375,9.0
有辆,丰田 凯美瑞 2011款 2.4 手自一体 240G 经典型周年纪念版,丰田-凯美瑞,21.58,2.0,2.0,14.0,中,轿车,中型车,合资,苏州,9.11,0.0926784059314179,14.0
优信拍,日产 骐达 2016款 1.6 自动 酷动版,日产-骐达,10.39,2.94,3.36,7.5,差,轿车,紧凑型车,合资,天津,3.86,0.3233878729547642,8.0
优信拍,五菱汽车 宏光 2015款 1.5 手动 S基本型 国IV,五菱-宏光,4.58,0.52,0.48,9.92,优,MPV,微型车,国产,汕头,9.49,0.1048034934497816,10.0
有辆,大众 捷达 2017款 1.5 手动 时尚型,大众-捷达,8.56,1.24,1.24,8.75,中,轿车,紧凑型车,合资,哈尔滨,13.8,0.1448598130841121,9.0
有辆,丰田 凯美瑞 2010款 2.4 手自一体 240V 至尊导航版,丰田-凯美瑞,27.38,1.7,1.94,14.25,差,轿车,中型车,合资,昆明,14.0,0.0708546384222059,14.0
优信拍,本田 锋范 2008款 1.5 自动 精英型,本田-锋范,11.68,1.09,1.25,13.83,差,轿车,小型车,合资,深圳,13.55,0.1070205479452054,14.0
优信拍,大众 捷达 2013款 1.6 自动 舒适型,大众-捷达,10.83,0.88,0.88,11.83,中,轿车,紧凑型车,合资,南通,8.71,0.0812557710064635,12.0
有辆,本田 凌派 2013款 1.8 自动 舒适版,本田-凌派,12.48,2.67,2.67,10.92,中,轿车,紧凑型车,合资,佛山,17.81,0.2139423076923076,11.0
优信拍,本田 飞度两厢 2014款 1.5 自动 LX舒适版,本田-飞度,8.88,2.81,2.81,9.5,中,轿车,小型车,合资,南昌,11.35,0.3164414414414414,10.0
优信拍,大众 高尔夫 2012款 1.4T 自动 舒适型,大众-高尔夫,13.68,2.51,2.3,12.58,优,轿车,紧凑型车,合资,昆明,12.14,0.1681286549707602,13.0
优信拍,斯柯达 昕动 2016款 1.6 自动 前行版 改款,斯柯达-昕动,8.99,2.0,2.29,8.42,差,轿车,紧凑型车,合资,哈尔滨,13.4,0.2547274749721913,8.0
优信拍,雪佛兰 科帕奇 2014款 2.4 自动 旗舰版7座四驱,雪佛兰-科帕奇,20.99,2.55,2.33,10.08,优,SUV,中型车,合资,上海,8.26,0.1110052405907575,10.0
有辆,标致 3008 2015款 1.6THP 手自一体 至尚版,标致-3008,21.47,1.6,1.6,8.83,中,SUV,紧凑型车,合资,成都,15.75,0.0745225896599906,9.0
优信拍,本田 思域 2016款 1.5T 自动 220TURBO豪华版,本田-思域,12.99,4.16,3.81,8.0,优,轿车,紧凑型车,合资,北京,16.11,0.2933025404157043,8.0
优信拍,日产 逍客 2017款 2.0L 自动 CVT智享版 国V,日产-逍客,15.78,5.12,5.12,6.92,中,SUV,紧凑型车,合资,四平,6.62,0.3244613434727503,7.0
优信拍,大众 帕萨特 2013款 1.8T 自动 御尊版,大众-帕萨特,22.48,2.7,2.7,11.42,中,轿车,中型车,合资,北京,16.39,0.1201067615658363,11.0
优信拍,现代 胜达 2019款 2.0T 自动 TOP旗舰版（HTRAC）四驱,现代-胜达,25.83,6.96,6.96,5.92,中,SUV,中型车,合资,蚌埠,5.67,0.2694541231126597,6.0
优信拍,荣威 350 2012款 1.5 自动 智享超值版,荣威-350,9.78,0.3,0.3,12.25,中,轿车,紧凑型车,国产,嘉兴,15.07,0.0306748466257668,12.0
优信拍,大众 帕萨特 2013款 1.8T 自动 御尊版,大众-帕萨特,22.48,1.42,1.62,11.92,差,轿车,中型车,合资,广州,21.95,0.0720640569395017,12.0
有辆,本田 凌派 2015款 1.8 手动 舒适版,本田-凌派,12.48,1.44,1.44,9.58,中,轿车,紧凑型车,合资,佛山,10.74,0.1153846153846153,10.0
优信拍,大众 迈腾 2013款 1.8T 自动 豪华型,大众-迈腾,21.98,2.98,2.98,11.67,中,轿车,中型车,合资,北京,21.42,0.1355777979981801,12.0
优信拍,丰田 雷凌 2023款 1.2T 自动 185T CVT豪华版,丰田-雷凌,12.98,6.5,6.5,2.17,中,轿车,紧凑型车,合资,临沂,0.66,0.5007704160246533,2.0
优信拍,奔腾 B70 2014款 2.0 手动 豪华型,奔腾-B70,10.98,0.86,0.86,10.5,中,轿车,中型车,国产,杭州,5.85,0.0783242258652094,10.0
优信拍,日产 LANNIA 蓝鸟 2016款 1.6 自动 智酷版,日产-蓝鸟,13.19,2.52,2.88,7.92,差,轿车,紧凑型车,合资,铜陵,21.12,0.2183472327520849,8.0
优信拍,奥迪 Q3 2016款 1.4T 自动 30TFSI时尚型前驱,奥迪-Q3,25.92,4.16,4.16,8.92,中,SUV,紧凑型车,合资,南昌,15.27,0.1604938271604938,9.0
优信拍,现代 ix35 2013款 2.0 自动 GLS智能型前驱 国IV,现代-ix35,18.38,1.4,1.4,11.83,中,SUV,紧凑型车,合资,长春,13.22,0.0761697497279651,12.0
有辆,标致 307-三厢 2010款 1.6 手动 舒适版,标致-307,9.28,0.3,0.3,14.5,中,轿车,紧凑型车,合资,烟台,16.4,0.0323275862068965,14.0
优信拍,丰田 威驰 2014款 1.5 自动 智臻版,丰田-威驰,8.78,1.52,1.74,9.83,差,轿车,小型车,合资,天津,9.25,0.1981776765375854,10.0
有辆,福特 福克斯-两厢 2011款 1.8 手动 舒适型,福特-福克斯,11.48,0.35,0.39,14.33,差,轿车,紧凑型车,合资,深圳,10.5,0.03397212543554,14.0
优信拍,广汽传祺 传祺GS4 2015款 1.3T 自动 200T豪华版,传祺-GS4,13.68,1.36,1.24,9.75,优,SUV,紧凑型车,国产,深圳,9.24,0.0906432748538011,10.0
优信拍,众泰 T600 2015款 1.5T 手动 尊贵型,众泰-T600,9.88,0.48,0.45,9.67,优,SUV,中型车,国产,辽阳,5.94,0.0455465587044534,10.0
优信拍,日产 轩逸 2012款 1.6 手动 XL豪华版,日产-轩逸,12.5,1.3,1.3,11.75,中,轿车,紧凑型车,合资,长沙,18.7,0.104,12.0
优信拍,东风风行 菱智 2014款 2.0 手动 M5 Q3短轴豪华型7座,风行-菱智,8.19,0.24,0.21,9.92,优,MPV,中型车,国产,上海,17.01,0.0256410256410256,10.0
有辆,日产 阳光 2011款 1.5 手动 XL 豪华版,日产-阳光,9.28,0.41,0.45,13.0,差,轿车,紧凑型车,合资,红河哈尼族彝族自治州,12.58,0.0484913793103448,13.0
优信拍,日产 骊威 2013款 1.6 自动 XL豪华版,日产-骊威,9.58,1.34,1.53,11.75,差,轿车,小型车,合资,温州,16.38,0.1597077244258872,12.0
有辆,标致 2008 2014款 1.6 手动 潮流版,标致-2008,8.97,0.68,0.68,10.5,中,SUV,小型车,合资,保定,8.7,0.0758082497212932,10.0
优信拍,现代 索纳塔 2011款 2.0 自动 LUX至尊版,现代-索纳塔,18.99,1.52,1.52,13.67,中,轿车,中型车,合资,北京,10.96,0.0800421274354923,14.0
优信拍,雪佛兰 科鲁兹三厢 2014款 1.6 手动 SL百万纪念版,雪佛兰-科鲁兹,11.55,0.46,0.43,10.83,优,轿车,紧凑型车,合资,郑州,13.46,0.0372294372294372,11.0
有辆,日产 天籁 2008款 2.5 无级 XL 领先版,日产-天籁,22.48,1.2,1.2,15.92,中,轿车,中型车,合资,北京,10.3,0.0533807829181494,16.0
优信拍,起亚 K2三厢 2011款 1.4 手动 GLS,起亚-K2,7.79,0.29,0.26,13.42,优,轿车,小型车,合资,深圳,10.54,0.0333761232349165,13.0
优信拍,铃木 雨燕 2014款 1.3 手动 标准型,铃木-雨燕,5.98,1.12,1.02,9.25,优,轿车,小型车,合资,深圳,6.39,0.1705685618729097,9.0
优信拍,别克 凯越 2015款 1.5 自动 经典型,别克-凯越,9.19,0.8,0.8,9.0,中,轿车,紧凑型车,合资,云浮,8.87,0.0870511425462459,9.0
优信拍,日产 奇骏 2014款 2.5 自动 XL豪华版四驱,日产-奇骏,22.88,3.36,3.36,10.75,中,SUV,紧凑型车,合资,杭州,24.17,0.1468531468531468,11.0
有辆,大众 朗逸 2017款 1.6 手自一体 舒适版,大众-朗逸,13.69,3.1,3.1,7.33,中,轿车,紧凑型车,合资,海口,6.0,0.2264426588750913,7.0
有辆,哈弗 H2s 2018款 1.5T 手动 舒适型蓝标,哈弗-H2,8.4,1.2,1.2,6.83,中,SUV,小型车,国产,海口,8.0,0.1428571428571428,7.0
优信拍,凯迪拉克 ATS-L 2017款 2.0T 自动 28T时尚型,凯迪拉克-ATS,31.88,4.71,4.71,7.58,中,轿车,中型车,合资,天津,12.58,0.147741530740276,8.0
优信拍,日产 奇骏 2014款 2.0L 自动 CVT舒适版 2WD,日产-奇骏,20.98,3.57,3.57,11.0,中,SUV,紧凑型车,合资,深圳,7.22,0.1701620591039084,11.0
优信拍,特斯拉 MODEL 3 2022款 后轮驱动版,特斯拉-Model 3,26.674,11.72,10.72,2.67,优,轿车,中型车,合资,北京,9.12,0.4018894803928919,3.0
优信拍,奔驰 GLK级 2013款 GLK 300 4MATIC 动感天窗型,奔驰-GLK级,43.8,4.5,4.5,10.92,中,SUV,中型车,合资,上海,17.73,0.1027397260273972,11.0
优信拍,奥迪 A4L 2013款 2.0T 自动 40TFSI个性运动型四驱,奥迪-A4,46.96,3.8,4.34,11.33,差,轿车,中型车,合资,中山,13.81,0.092419080068143,11.0
优信拍,日产 轩逸 2012款 1.6 自动 XL豪华版,日产-轩逸,12.08,1.7,1.7,12.5,中,轿车,紧凑型车,合资,咸宁,12.29,0.140728476821192,12.0
优信拍,大众 捷达 2017款 1.5 手动 舒适型,大众-捷达,9.76,1.6,1.83,8.0,差,轿车,紧凑型车,合资,铜仁,12.65,0.1875,8.0
优信拍,起亚 K3 2013款 1.8 自动 Premium,起亚-K3,14.98,1.44,1.44,12.58,中,轿车,紧凑型车,合资,沈阳,14.24,0.096128170894526,13.0
有辆,福特 福睿斯 2015款 1.5 手自一体 时尚型,福特-福睿斯,11.98,1.4,1.4,10.17,中,轿车,紧凑型车,合资,苏州,10.88,0.1168614357262103,10.0
优信拍,丰田 卡罗拉 2011款 1.6 自动 GL天窗版,丰田-卡罗拉,13.88,0.42,0.39,14.92,优,轿车,紧凑型车,合资,石家庄,9.69,0.0280979827089337,15.0
优信拍,启辰 T70 2015款 1.6 手动 睿行版,启辰-T70,8.98,0.8,0.8,8.83,中,SUV,紧凑型车,国产,海口,7.71,0.0890868596881959,9.0
有辆,宝骏 560 2016款 1.8 手动 豪华型,宝骏-560,8.38,0.83,0.83,9.33,中,SUV,紧凑型车,国产,大连,15.0,0.0990453460620525,9.0
有辆,雪佛兰 创酷 2016款 1.4T 手自一体 两驱舒适天窗版,雪佛兰-创酷,12.19,1.59,1.59,8.83,中,SUV,小型车,合资,洛阳,12.0,0.1304347826086956,9.0
优信拍,马自达 马自达6 2012款 2.0 自动 时尚型,马自达-马自达6,15.98,0.46,0.5,13.0,差,轿车,中型车,合资,北京,27.54,0.0312891113892365,13.0
优信拍,奔腾 B50 2011款 1.6 手动 天窗版,奔腾-B50,10.48,0.36,0.33,12.58,优,轿车,紧凑型车,国产,潍坊,18.64,0.0314885496183206,13.0
优信拍,宝马 X1 2020款 1.5T 自动 20Li尊享型前驱,宝马-X1,39.98,8.43,8.43,4.92,中,SUV,紧凑型车,合资,杭州,3.37,0.2108554277138569,5.0
优信拍,日产 阳光 2011款 1.5 手动 XE舒适版,日产-阳光,8.28,0.47,0.51,12.67,差,轿车,紧凑型车,合资,北京,21.78,0.0615942028985507,13.0
优信拍,大众 速腾 2015款 1.6 自动 舒适型,大众-速腾,14.48,3.36,3.36,9.83,中,轿车,紧凑型车,合资,大连,8.03,0.2320441988950276,10.0
优信拍,丰田 汉兰达 2012款 2.7 自动 精英版5座前驱,丰田-汉兰达,32.88,3.65,4.17,11.83,差,SUV,中型车,合资,北京,33.78,0.1268248175182481,12.0
优信拍,本田 CR-V 新能源 2021款 锐·混动e+ 2.0L 睿驰版,本田-CR-V,28.98,12.01,10.99,3.0,优,SUV,紧凑型车,合资,上海,3.35,0.3792270531400966,3.0
优信拍,福特 翼虎 2015款 1.5T 自动 GTDi舒适型前驱,福特-翼虎,18.48,1.4,1.4,10.42,中,SUV,紧凑型车,合资,东莞,11.29,0.0757575757575757,10.0
优信拍,现代 名图 2017款 1.8 自动 智能型GLS,现代-名图,14.98,3.5,3.5,7.5,中,轿车,中型车,合资,上饶,9.76,0.2336448598130841,8.0
优信拍,福特 福睿斯 2015款 1.5 自动 舒适型,福特-福睿斯,10.78,1.35,1.35,10.17,中,轿车,紧凑型车,合资,哈尔滨,13.64,0.1252319109461966,10.0
有辆,吉利 帝豪-三厢 2022款 1.5 无级 尊贵型,吉利-帝豪,8.39,3.06,3.06,3.92,中,轿车,紧凑型车,国产,长春,2.58,0.3647199046483909,4.0
优信拍,丰田 汉兰达 2015款 2.0T 自动 豪华版7座前驱,丰田-汉兰达,28.48,7.06,7.06,10.0,中,SUV,中型车,合资,深圳,13.59,0.2478932584269662,10.0
优信拍,江汽集团 瑞风S5 2013款 2.0 手动 尊贵版,江淮-瑞风,8.98,0.2,0.24,11.42,差,SUV,紧凑型车,国产,宜昌,15.59,0.0267260579064587,11.0
优信拍,岚图汽车 岚图追光 2023款 四驱旗舰版,岚图-追光,35.29,13.42,12.28,1.17,优,轿车,中大型车,国产,武汉,0.99,0.3479739302918673,1.0
优信拍,本田 飞度两厢 2018款 1.5 自动 舒适版,本田-飞度,7.38,3.05,3.05,5.92,中,轿车,小型车,合资,杭州,22.38,0.4132791327913279,6.0
优信拍,奔腾 B70 2022款 第三代 1.5T 自动 悦享型,奔腾-B70,11.39,4.89,4.89,2.5,中,轿车,中型车,国产,哈尔滨,4.4,0.4293239683933274,2.0
优信拍,广汽传祺 传祺GS3 2017款 1.5 自动 150N精英版,传祺-GS3,8.88,1.48,1.69,6.83,差,SUV,小型车,国产,深圳,9.27,0.1903153153153153,7.0
优信拍,大众 高尔夫 2015款 1.4T 自动 豪华型,大众-高尔夫,17.19,3.55,3.55,10.17,中,轿车,紧凑型车,合资,上海,10.86,0.2065154159394996,10.0
有辆,丰田 威驰 2014款 1.5 手动 智尚版,丰田-威驰,8.78,1.24,1.24,11.67,中,轿车,小型车,合资,大连,20.46,0.1412300683371298,12.0
优信拍,大众 朗行 2015款 1.6 自动 舒适型,大众-朗行,13.99,2.0,2.0,9.5,中,轿车,紧凑型车,合资,哈尔滨,21.03,0.1429592566118656,10.0
有辆,本田 飞度 2011款 1.5 自动 豪华版,本田-飞度,10.42,1.23,1.23,13.83,中,轿车,小型车,合资,深圳,9.9,0.118042226487524,14.0
优信拍,宝骏 730 2014款 1.5 手动 舒适型7座,宝骏-730,7.48,0.77,0.7,10.08,优,MPV,紧凑型车,国产,广州,13.15,0.0935828877005347,10.0
优信拍,现代 途胜 2009款 2.0L 自动 两驱天窗型,现代-途胜,18.38,0.46,0.43,16.42,优,SUV,紧凑型车,合资,深圳,15.37,0.0233949945593035,16.0
有辆,日产 骊威 2007款 1.6 手动 GE 全能型,日产-骊威,9.58,0.18,0.18,17.5,中,轿车,小型车,合资,合肥,15.6,0.0187891440501043,18.0
优信拍,吉利汽车 帝豪GS 2016款 1.8 手动 运动版领尚型,吉利-帝豪GS,8.78,1.19,1.36,8.08,差,SUV,紧凑型车,国产,武汉,3.06,0.1548974943052392,8.0
优信拍,广汽传祺 传祺GA8 2017款 2.0T 自动 320T尊享版,传祺-传祺(GA5),21.93,2.65,2.42,7.25,优,轿车,中型车,国产,北京,10.87,0.1103511171910624,7.0
优信拍,奥迪 A4L 2018款 2.0T 自动 30周年年型45TFSI个性运动版四驱,奥迪-A4,36.98,9.01,9.01,7.0,中,轿车,中型车,合资,南昌,10.37,0.2436452136289886,7.0
有辆,雪佛兰 科鲁兹经典 2015款 1.5 手动 SL,雪佛兰-科鲁兹,9.99,0.7,0.7,10.5,中,轿车,紧凑型车,合资,武汉,11.6,0.07007007007007,10.0
有辆,大众 宝来经典 2006款 1.6 自动 豪华版HL,大众-宝来,13.63,0.33,0.37,18.08,差,轿车,紧凑型车,合资,大连,16.5,0.0271460014673514,18.0
有辆,现代 第八代索纳塔 2011款 2.0 手自一体 LUXURY 至尊型,现代-索纳塔,20.39,0.75,0.86,14.42,差,轿车,中型车,合资,宁波,15.58,0.0421775380088278,14.0
优信拍,吉利汽车 帝豪GL 2018款 1.8 自动 精英智联型,吉利-帝豪GL,8.68,1.73,1.73,6.5,中,轿车,紧凑型车,国产,天津,7.39,0.1993087557603686,6.0
有辆,日产 天籁 2021款 2.0 无级 XL 舒适版,日产-天籁,17.98,8.59,8.59,3.33,中,轿车,中型车,合资,佛山,4.91,0.4777530589543937,3.0
优信拍,日产 轩逸 2012款 1.6 自动 XL豪华版,日产-轩逸,12.08,1.73,1.73,12.92,中,轿车,紧凑型车,合资,天津,6.98,0.1432119205298013,13.0
优信拍,奔驰 E级 2020款 2.0T 自动 E300L时尚型,奔驰-E级,46.58,18.16,18.16,5.42,中,轿车,中大型车,合资,北京,14.28,0.3898668956633748,5.0
优信拍,奥迪 A4L 2018款 2.0T 自动 30周年年型45TFSI个性运动版四驱,奥迪-A4,36.98,9.55,9.55,6.67,中,轿车,中型车,合资,上海,9.45,0.2582477014602488,7.0
优信拍,大众 途岳 2019款 1.4T 自动 280TSI舒适版前驱 国V,大众-途岳,18.68,4.36,4.98,6.33,差,SUV,紧凑型车,合资,广州,7.38,0.2665952890792291,6.0
优信拍,五菱汽车 宏光 2010款 1.4L 手动 豪华型,五菱-宏光,6.78,0.33,0.3,13.58,优,MPV,微型车,国产,深圳,12.24,0.0442477876106194,14.0
有辆,大众 朗逸 2015款 1.6 手自一体 舒适版,大众-朗逸,13.69,2.29,2.29,9.83,中,轿车,紧凑型车,合资,长沙,22.4,0.1672753834915997,10.0
有辆,奇瑞 瑞虎 2012款 1.6 手动 DVVT 精英版舒适型(改款),奇瑞-瑞虎,8.98,0.26,0.3,11.42,差,SUV,紧凑型车,国产,烟台,13.3,0.0334075723830734,11.0
有辆,大众 速腾 2012款 1.4TSI 双离合 豪华版,大众-速腾,16.78,1.69,1.69,12.5,中,轿车,紧凑型车,合资,长春,14.7,0.100715137067938,12.0
有辆,日产 天籁 2020款 2.0 无级 XL 舒适版,日产-天籁,18.78,6.91,6.91,4.92,中,轿车,中型车,合资,北京,10.69,0.3679446219382321,5.0
优信拍,宝马 3系 2018款 2.0T 自动 320Li领先型M运动套装,宝马-3系,34.98,9.68,8.86,7.08,优,轿车,中型车,合资,太原,9.66,0.2532875929102344,7.0
优信拍,大众 帕萨特 2011款 1.8T 自动 DSG御尊版,大众-帕萨特,21.58,1.84,1.84,13.75,中,轿车,中型车,合资,北京,12.34,0.0852641334569045,14.0
优信拍,起亚 K3 2013款 1.6 手动 GL,起亚-K3,11.48,0.85,0.85,12.67,中,轿车,紧凑型车,合资,武汉,9.29,0.0740418118466898,13.0
有辆,铃木 天语SX4-两厢 2009款 1.6 自动 运动版,铃木-天语SX4,11.88,0.49,0.53,15.42,差,轿车,紧凑型车,合资,大连,14.8,0.0446127946127946,15.0
有辆,大众 捷达 2013款 1.6 自动 舒适型,大众-捷达,10.83,0.82,0.94,11.83,差,轿车,紧凑型车,合资,烟台,13.4,0.0867959372114496,12.0
优信拍,奇瑞 瑞虎5x 2017款 1.5T 手动 精英型,奇瑞-瑞虎,8.69,1.02,1.17,7.92,差,SUV,小型车,国产,武汉,18.61,0.1346375143843498,8.0
有辆,大众 高尔夫7 2017款 1.4TSI 双离合 230TSI 豪华百万辆纪念版,大众-高尔夫,17.19,3.92,3.92,7.5,中,轿车,紧凑型车,合资,佛山,7.18,0.2280395578824898,8.0
优信拍,宝马 5系 2014款 2.0T 自动 525Li领先型,宝马-5系,46.66,5.46,5.46,9.83,中,轿车,中大型车,合资,盐城,22.44,0.1170167166738105,10.0
有辆,大众 途观 2012款 2.0TSI 手自一体 四驱菁英版,大众-途观,28.68,2.0,2.0,13.25,中,SUV,紧凑型车,合资,泉州,37.0,0.0697350069735007,13.0
有辆,丰田 锐志 2013款 2.5V 手自一体 尚锐版,丰田-锐志,24.28,7.42,7.42,9.92,中,轿车,中型车,合资,佛山,11.12,0.3056013179571664,10.0
优信拍,本田 思域 2021款 1.5T 自动 HATCHBACK 220TURBO新锐控,本田-思域,15.99,6.3,5.76,4.75,优,轿车,紧凑型车,合资,肇庆,3.18,0.3602251407129456,5.0
有辆,标致 408 2014款 1.6THP 手自一体 至尊版,标致-408,18.97,1.3,1.3,10.42,中,轿车,紧凑型车,合资,成都,13.1,0.0685292567211386,10.0
优信拍,大众 POLO两厢 2014款 1.6 自动 豪华版,大众-POLO,11.59,2.21,2.21,9.83,中,轿车,小型车,合资,杭州,6.81,0.1906816220880069,10.0
优信拍,大众 凌渡 2021款 改款 1.4T 自动 280TSI DSG舒适版,大众-凌渡,17.69,7.02,7.02,4.0,中,轿车,紧凑型车,合资,郑州,5.12,0.3968343697003956,4.0
优信拍,别克 英朗三厢 2018款 1.0T 自动 15T精英型,别克-英朗,11.69,1.51,1.51,7.25,中,轿车,紧凑型车,合资,黄冈,10.61,0.1291702309666381,7.0
有辆,丰田 卡罗拉 2019款 1.2T 无级 GL-i精英版,丰田-卡罗拉,12.78,4.5,4.5,4.92,中,轿车,紧凑型车,合资,宁波,3.9,0.352112676056338,5.0
优信拍,广汽传祺 传祺GS4 2015款 1.3T 自动 200T豪华版,传祺-GS4,13.68,1.91,1.91,8.92,中,SUV,紧凑型车,国产,盐城,11.21,0.1396198830409356,9.0
有辆,比亚迪 速锐 2015款 1.5 手动 豪华型,比亚迪-速锐,7.69,0.41,0.41,9.83,中,轿车,紧凑型车,国产,南昌,11.8,0.0533159947984395,10.0
优信拍,本田 雅阁 2021款 2.0L 自动 锐· 锐智·星空限量版混动,本田-雅阁,23.98,8.7,8.7,4.67,中,轿车,中型车,合资,上海,6.29,0.3628023352793995,5.0
优信拍,方程豹 豹5 2023款 领航版,方程豹-豹5,30.98,17.41,17.41,1.0,中,SUV,中型车,国产,广州,0.04,0.5619754680438993,1.0
优信拍,日产 轩逸 2022款 1.6L 自动 XL悦享版,日产-轩逸,14.49,5.5,5.5,3.67,中,轿车,紧凑型车,合资,北京,6.9,0.3795721187025535,4.0
有辆,吉利 帝豪GS 2017款 1.3T 双离合 优雅版 智联型,吉利-帝豪GS,10.88,1.5,1.5,8.17,中,SUV,紧凑型车,国产,临沂,12.8,0.1378676470588235,8.0
优信拍,广汽传祺 传祺GS8 2017款 2.0T 自动 320T 两驱豪华智联版（七座）,传祺-GS8,18.28,4.4,4.4,7.75,中,SUV,中大型车,国产,淄博,15.72,0.2407002188183807,8.0
优信拍,江汽集团 瑞风S3 2014款 1.5 手动 豪华型,江淮-瑞风,6.98,0.7,0.7,10.17,中,SUV,小型车,国产,保定,14.44,0.1002865329512893,10.0
有辆,别克 英朗XT 2013款 1.6 手自一体 时尚版,别克-英朗,14.99,0.8,0.91,12.17,差,轿车,紧凑型车,合资,武汉,15.2,0.0607071380920613,12.0
有辆,大众 CC 2012款 2.0TSI 双离合 至尊版,大众-CC,30.28,2.5,2.5,13.17,中,轿车,中型车,合资,上海,18.55,0.082562747688243,13.0
优信拍,福特 福克斯两厢 2012款 1.6 自动 风尚型,福特-福克斯,13.29,0.7,0.64,10.5,优,轿车,紧凑型车,合资,大连,15.57,0.0481565086531226,10.0
优信拍,本田 缤智 2015款 1.8 自动 豪华版前驱,本田-缤智,16.38,2.13,2.43,10.92,差,SUV,小型车,合资,宁波,14.87,0.1483516483516483,11.0
有辆,比亚迪 S7 2015款 2.0TID 双离合 升级版尊贵型,比亚迪-S7,12.99,1.0,1.0,10.08,中,SUV,中型车,国产,北京,11.57,0.0769822940723633,10.0
有辆,福特 翼虎 2015款 1.5GTDi 手自一体 两驱舒适型,福特-翼虎,19.38,1.3,1.3,10.33,中,SUV,紧凑型车,合资,广州,8.13,0.067079463364293,10.0
优信拍,日产 奇骏 2021款 2.0L 自动 CVT 2WD XL ITS舒适纪念版,日产-奇骏,20.73,7.35,7.35,4.08,中,SUV,紧凑型车,合资,北京,6.34,0.3545586107091172,4.0
有辆,MG MG3 2013款 1.5 序列变速 精英版,MG-MG3,9.47,0.4,0.4,12.58,中,轿车,小型车,国产,长沙,10.5,0.0422386483632523,13.0
优信拍,丰田 卡罗拉 2021款 1.8 自动 先锋版 双擎,丰田-卡罗拉,13.58,5.83,5.33,2.58,优,轿车,紧凑型车,合资,哈尔滨,3.88,0.3924889543446244,3.0
优信拍,丰田 凯美瑞 2015款 2.0 自动 G领先版,丰田-凯美瑞,19.28,5.57,5.57,9.58,中,轿车,中型车,合资,北京,9.05,0.2889004149377593,10.0
优信拍,宝马 3系 2015款 1.6T 自动 316i运动设计套装,宝马-3系,32.18,3.59,3.59,10.0,中,轿车,中型车,合资,上海,13.21,0.1115599751398384,10.0
有辆,大众 帕萨特 2016款 1.8TSI 双离合 330TSI 尊荣版,大众-帕萨特,22.29,4.3,4.91,8.5,差,轿车,中型车,合资,重庆,17.87,0.2202781516375056,8.0
优信拍,丰田 皇冠 2005款 3.0 自动 Royal Saloon,丰田-皇冠,46.84,1.63,1.63,20.0,中,轿车,中大型车,合资,杭州,25.04,0.034799316823228,20.0
优信拍,大众 速腾 2023款 1.5T 自动 300TSI DSG超越版,大众-速腾,15.89,9.05,8.28,1.67,优,轿车,紧凑型车,合资,长春,1.51,0.5210824417872876,2.0
有辆,别克 君威 2010款 2.0 手自一体 世博版,别克-君威,20.39,1.17,1.17,12.92,中,轿车,中型车,合资,昆明,14.57,0.0573810691515448,13.0
优信拍,五菱汽车 宏光 2018款 1.5 手动 S舒适型L2B,五菱-宏光,5.58,1.77,1.77,6.75,中,MPV,微型车,国产,金华,6.07,0.3172043010752688,7.0
优信拍,比亚迪 秦Pro新能源 2018款 1.5T 自动 DM智联锐耀型 混动,比亚迪-秦,14.29,2.15,2.15,7.0,中,轿车,紧凑型车,国产,深圳,1.63,0.1504548635409377,7.0
优信拍,丰田 雷凌 2022款 1.5 自动 TNGA 进取版,丰田-雷凌,13.18,5.22,4.78,2.42,优,轿车,紧凑型车,合资,泰州,1.78,0.362670713201821,2.0
优信拍,大众 帕萨特新能源 2020款 1.4T 自动 430PHEV豪华版 混动 国VI,大众-帕萨特,25.39,7.4,7.4,5.33,中,轿车,中型车,合资,银川,6.32,0.291453328081922,5.0
有辆,丰田 卡罗拉 2007款 1.8 手动 GLX-i,丰田-卡罗拉,15.58,0.47,0.47,18.0,中,轿车,紧凑型车,合资,深圳,44.6,0.0301668806161745,18.0
优信拍,马自达 马自达6 2011款 2.0 自动 豪华型,马自达-马自达6,17.98,1.27,1.27,13.08,中,轿车,中型车,合资,杭州,7.61,0.0706340378197997,13.0
优信拍,丰田 亚洲龙（进口） 2003款 3.0 自动 (进口),丰田-亚洲龙,20.88,1.49,1.7,19.0,差,轿车,中型车,合资,深圳,13.74,0.0814176245210728,19.0
优信拍,方程豹 豹5 2023款 领航版,方程豹-豹5,30.98,16.88,15.45,1.67,优,SUV,中型车,国产,呼和浩特,2.65,0.4987088444157521,2.0
优信拍,日产 轩逸 2007款 2.0 自动 XL天窗版,日产-轩逸,16.78,0.85,0.85,16.75,中,轿车,紧凑型车,合资,沈阳,19.71,0.0506555423122765,17.0
优信拍,大众 朗逸三厢 2013款 1.6 自动 舒适版,大众-朗逸,13.79,1.37,1.37,12.83,中,轿车,紧凑型车,合资,杭州,13.44,0.0993473531544597,13.0
有辆,斯柯达 柯迪亚克 2017款 1.8TSI 双离合 TSI330 两驱豪华版7座,斯柯达-柯迪亚克,22.98,4.4,5.03,7.08,差,SUV,中型车,合资,昆明,8.0,0.2188859878154917,7.0
优信拍,荣威 荣威i5 2019款 1.5 手动 4G互联朗豪版,荣威-i5,8.09,1.05,1.2,6.17,差,轿车,紧凑型车,国产,深圳,6.11,0.1483312731767614,6.0
优信拍,奇瑞 瑞虎5x 2019款 1.5 自动 智享版,奇瑞-瑞虎,8.49,2.58,2.58,6.33,中,SUV,小型车,国产,杭州,8.69,0.303886925795053,6.0
优信拍,日产 轩逸 2022款 1.6L 自动 XL悦享版,日产-轩逸,14.49,5.8,5.8,3.42,中,轿车,紧凑型车,合资,惠州,11.4,0.4002760524499655,3.0
优信拍,本田 雅阁 2016款 2.4 自动 豪华版,本田-雅阁,22.98,6.53,7.46,8.58,差,轿车,中型车,合资,上海,4.84,0.3246301131418624,9.0
优信拍,宝马 X1 2023款 2.0T 自动 sDrive25Li M 运动套装,宝马-X1,33.38,17.2,15.74,1.08,优,SUV,紧凑型车,合资,荆门,0.26,0.4715398442180946,1.0
优信拍,现代 途胜 2015款 1.6T 自动 智能型前驱,现代-途胜,17.99,2.82,3.22,8.0,差,SUV,紧凑型车,合资,长春,8.12,0.178988326848249,8.0
有辆,沃尔沃 S60L 2017款 2.0T 手自一体 T5 智驭版,沃尔沃-S60,27.69,4.89,4.89,9.33,中,轿车,中型车,合资,威海,7.3,0.1765980498374864,9.0
优信拍,别克 君越 2014款 2.0T 自动 智享旗舰型,别克-君越,29.99,1.84,2.1,10.5,差,轿车,中型车,合资,苏州,16.54,0.0700233411137045,10.0
优信拍,大众 桑塔纳 2016款 1.6 手动 舒适版,大众-桑塔纳,10.29,1.99,1.99,7.75,中,轿车,紧凑型车,合资,南京,17.15,0.1933916423712342,8.0
优信拍,比亚迪 秦PLUS 2021款 DM-i 120KM 旗舰型,比亚迪-秦,14.58,3.15,3.15,3.58,中,轿车,紧凑型车,国产,武汉,12.84,0.2160493827160493,4.0
优信拍,本田 雅阁 2011款 2.4 自动 LX,本田-雅阁,24.98,1.96,1.96,13.67,中,轿车,中型车,合资,长春,23.45,0.0784627702161729,14.0
有辆,Jeep 自由光 2016款 2.4 手自一体 专业版,Jeep-自由光,24.98,1.6,1.83,9.75,差,SUV,中型车,合资,海口,15.0,0.0732586068855084,10.0
有辆,丰田 威驰 2008款 1.6 自动 GL-i 特别纪念版,丰田-威驰,10.79,0.84,0.96,16.25,差,轿车,小型车,合资,福州,10.0,0.0889712696941612,16.0
优信拍,福特 福克斯两厢 2012款 1.6 自动 风尚型,福特-福克斯,13.29,1.15,1.31,11.58,差,轿车,紧凑型车,合资,北京,14.24,0.0985703536493604,12.0
优信拍,奥迪 A6L 2016款 2.5 自动 30FSI舒适型,奥迪-A6,44.85,7.76,8.87,9.5,差,轿车,中大型车,合资,武汉,15.74,0.1977703455964325,10.0
优信拍,雪铁龙 天逸 C5 Aircross 2019款 1.8T 自动 400THP尊享型 国VI,雪铁龙-C5,19.99,4.02,4.02,6.08,中,轿车,中型车,合资,荆州,9.8,0.2011005502751375,6.0
有辆,丰田 花冠EX 2011款 1.6 自动 经典版,丰田-花冠,10.58,1.59,1.59,12.83,中,轿车,紧凑型车,合资,深圳,8.77,0.1502835538752363,13.0
优信拍,奇瑞 瑞虎5x 2019款 1.5 自动 智享版,奇瑞-瑞虎,8.49,2.13,2.13,5.92,中,SUV,小型车,国产,东莞,3.25,0.2508833922261484,6.0
优信拍,福特 福克斯两厢 2013款 1.8 自动 经典时尚型,福特-福克斯,11.53,0.8,0.8,11.0,中,轿车,紧凑型车,合资,南京,12.05,0.0693842150910667,11.0
优信拍,本田 雅阁 2014款 2.4 自动 豪华版EX,本田-雅阁,22.98,4.12,4.12,11.67,中,轿车,中型车,合资,哈尔滨,11.88,0.1792863359442993,12.0
优信拍,丰田 卡罗拉 2021款 TNGA 1.5L 自动 CVT先锋版,丰田-卡罗拉,10.98,3.61,3.61,3.92,中,轿车,紧凑型车,合资,东莞,9.77,0.3287795992714025,4.0
有辆,雪铁龙 世嘉-三厢 2009款 1.6 手动 时尚型,雪铁龙-世嘉,10.88,0.31,0.31,15.58,中,轿车,紧凑型车,合资,昆明,13.3,0.0284926470588235,16.0
优信拍,本田 CR-V 2021款 1.5T 自动 240TURBO黑爵士版前驱,本田-CR-V,21.18,12.95,11.85,3.58,优,SUV,紧凑型车,合资,广州,3.92,0.5594900849858356,4.0
优信拍,大众 宝来三厢 2011款 1.4T 自动 舒适型,大众-宝来,14.68,0.49,0.49,15.25,中,轿车,紧凑型车,合资,池州,24.18,0.0333787465940054,15.0
优信拍,哈弗 哈弗H6 2014款 1.5T 手动 运动版精英型前驱,哈弗-H6,13.68,0.77,0.77,10.92,中,SUV,紧凑型车,国产,青岛,9.2,0.0562865497076023,11.0
有辆,雪佛兰 科鲁泽RS 2019款 1.3T 手自一体 330T 畅快版,雪佛兰-科鲁泽,11.49,1.94,2.22,5.33,差,轿车,紧凑型车,合资,西安,11.23,0.1932114882506527,5.0
优信拍,大众 宝来三厢 2020款 1.5 自动 舒适型,大众-宝来,13.5,5.1,5.1,5.17,中,轿车,紧凑型车,合资,天津,3.87,0.3777777777777777,5.0
优信拍,吉利汽车 远景X6 2016款 1.3T 自动 旗舰型,全球鹰-远景,6.99,1.34,1.34,9.0,中,轿车,紧凑型车,国产,长沙,7.74,0.1917024320457797,9.0
有辆,海马 福美来四代 2015款 1.6 手动 风尚型,海马-福美来,7.49,0.3,0.3,9.83,中,轿车,紧凑型车,国产,北京,15.49,0.0400534045393858,10.0
优信拍,日产 天籁 2008款 2.5 自动 公爵XV尊雅版,日产-天籁,26.28,0.89,1.02,14.83,差,轿车,中型车,合资,杭州,18.25,0.0388127853881278,15.0
有辆,日产 轩逸 2009款 2.0 无级 XL 豪华天窗版,日产-轩逸,16.18,0.8,0.91,15.17,差,轿车,紧凑型车,合资,北京,10.49,0.0562422744128553,15.0
优信拍,奥迪 Q3 2017款 2.0T 自动 35TFSI时尚型前驱,奥迪-Q3,34.28,5.9,5.9,7.92,中,SUV,紧凑型车,合资,南昌,12.14,0.1721120186697783,8.0
有辆,宝骏 730 2016款 1.5T 手动 标准型7座,宝骏-730,7.38,1.86,1.86,8.33,中,MPV,紧凑型车,国产,昆明,7.84,0.2520325203252033,8.0
优信拍,哈弗 哈弗H1 2015款 1.5 自动 豪华型,哈弗-H1,7.79,0.8,0.8,9.75,中,SUV,小型车,国产,石家庄,13.44,0.1026957637997432,10.0
优信拍,长安 CS55 2017款 1.5T 自动 炫动型,长安-CS55,11.39,2.73,3.12,7.5,差,SUV,紧凑型车,国产,北京,20.07,0.2739244951712028,8.0
有辆,起亚 K2-三厢 2015款 1.4 手动 GLS,起亚-K2,7.99,0.68,0.78,9.33,差,轿车,小型车,合资,成都,11.87,0.097622027534418,9.0
优信拍,福特 蒙迪欧 2010款 2.3 自动 致胜时尚型,福特-蒙迪欧,17.98,0.41,0.38,14.75,优,轿车,中型车,合资,深圳,3.99,0.0211345939933259,15.0
优信拍,日产 逍客 2017款 2.0L CVT豪华版 国V,日产-逍客,16.88,3.97,3.97,8.0,中,SUV,紧凑型车,合资,广州,5.91,0.2351895734597156,8.0
优信拍,别克 英朗两厢 2014款 1.6 自动 XT舒适型,别克-英朗,14.49,0.66,0.6,10.33,优,轿车,紧凑型车,合资,常州,7.63,0.041407867494824,10.0
优信拍,大众 捷达 2017款 1.4 手动 时尚型,大众-捷达,7.99,2.3,2.3,7.17,中,轿车,紧凑型车,合资,盘锦,12.75,0.2878598247809762,7.0
优信拍,哈弗 哈弗H2 2018款 蓝标 1.5T 双离合两驱豪华型,哈弗-H2,10.8,2.78,2.78,7.92,中,SUV,小型车,国产,北京,9.73,0.2574074074074073,8.0
优信拍,启辰 R50X 2013款 1.6 自动,启辰-R50,8.48,1.18,1.18,10.25,中,轿车,紧凑型车,国产,济南,11.93,0.1391509433962264,10.0
有辆,丰田 卡罗拉 2009款 1.6 手动 GL 天窗特别版,丰田-卡罗拉,12.38,0.64,0.64,15.42,中,轿车,紧凑型车,合资,南昌,15.9,0.0516962843295638,15.0
优信拍,现代 名图 2016款 1.8 自动 尊贵型DLX,现代-名图,15.98,1.8,2.06,9.17,差,轿车,中型车,合资,武汉,8.94,0.1289111389236545,9.0
优信拍,本田 思域 2016款 1.5T 自动 220TURBO尊贵版,本田-思域,15.59,5.38,4.92,8.0,优,轿车,紧凑型车,合资,大庆,14.99,0.3155869146889031,8.0
优信拍,比亚迪 S7 2015款 2.0T 自动 升级版旗舰型,比亚迪-S7,13.99,0.93,0.85,9.5,优,SUV,中型车,国产,遵义,10.4,0.0607576840600428,10.0
优信拍,奥迪 Q5 2013款 2.0T 自动 40TFSI技术型,奥迪-Q5,42.76,4.2,4.2,10.42,中,SUV,中型车,合资,广州,18.0,0.09822263797942,10.0
优信拍,江汽集团 瑞风S3 2014款 1.5 手动 豪华智能型,江淮-瑞风,7.48,0.51,0.47,9.92,优,SUV,小型车,国产,上海,9.5,0.0628342245989304,10.0
有辆,大众 帕萨特 2014款 2.0TSI 双离合 御尊版,大众-帕萨特,25.78,2.71,2.71,11.17,中,轿车,中型车,合资,沈阳,16.1,0.1051202482544608,11.0
有辆,大众 宝来 2014款 1.6 手动 舒适版,大众-宝来,11.63,1.34,1.34,9.67,中,轿车,紧凑型车,合资,南昌,15.4,0.115219260533104,10.0
优信拍,宝骏 510 2017款 1.5 手动 豪华型,宝骏-510,6.98,1.21,1.38,8.67,差,SUV,小型车,国产,南昌,10.15,0.1977077363896847,9.0
优信拍,福特 蒙迪欧 2011款 2.0T 自动 GTDi240致胜豪华运动型,福特-蒙迪欧,23.78,0.92,0.92,12.33,中,轿车,中型车,合资,长春,7.6,0.0386879730866274,12.0
优信拍,本田 XR-V 2017款 1.8 自动 EXi舒适版,本田-XR-V,13.98,4.91,4.91,7.0,中,SUV,小型车,合资,合肥,7.57,0.3512160228898426,7.0
优信拍,大众 朗逸三厢 2011款 1.6 自动 品悠版,大众-朗逸,15.33,0.58,0.58,14.17,中,轿车,紧凑型车,合资,深圳,15.81,0.0378343118069145,14.0
优信拍,铃木 奥拓 2009款 1.0 手动 豪华型,铃木-奥拓,4.99,0.25,0.29,13.0,差,轿车,微型车,合资,北京,21.41,0.0581162324649298,13.0
优信拍,长安 逸动XT 2016款 1.6 自动 俊酷型,长安-逸动,8.19,1.35,1.35,8.75,中,轿车,紧凑型车,国产,太原,7.34,0.1648351648351648,9.0
优信拍,荣威 荣威i5 2020款 1.5 自动 4G互联领豪旗舰版,荣威-i5,9.29,2.77,2.53,4.42,优,轿车,紧凑型车,国产,济南,4.34,0.2723358449946179,4.0
有辆,别克 昂科拉 2015款 1.4T 手自一体 两驱都市精英型,别克-昂科拉,14.99,1.03,1.18,10.33,差,SUV,小型车,合资,北京,17.5,0.0787191460973982,10.0
优信拍,大众 速腾 2014款 1.6 自动 舒适型,大众-速腾,15.08,2.1,2.1,11.75,中,轿车,紧凑型车,合资,潍坊,14.53,0.1392572944297082,12.0
有辆,传祺 GS4 2016款 1.5T 手动 235T 豪华版,传祺-GS4,12.38,1.81,1.66,9.08,优,SUV,紧凑型车,国产,中山,5.08,0.1340872374798061,9.0
有辆,大众 朗逸 2013款 1.6 手自一体 风尚版(改款),大众-朗逸,11.98,0.76,0.87,11.92,差,轿车,紧凑型车,合资,宁波,23.4,0.0726210350584307,12.0
优信拍,宝马 5系 2024款 2.0T 自动 530Li 尊享型 豪华套装,宝马-5系,52.59,33.11,33.11,1.5,中,轿车,中大型车,合资,北京,0.74,0.62958737402548,2.0
优信拍,长安 CS55 2018款 1.5T 手动 炫色型,长安-CS55,9.09,1.85,1.85,5.83,中,SUV,紧凑型车,国产,台州,6.22,0.2035203520352035,6.0
优信拍,大众 速腾 2015款 1.4T 自动 230TSI舒适型,大众-速腾,16.08,2.3,2.63,9.83,差,轿车,紧凑型车,合资,北京,22.38,0.1635572139303482,10.0
有辆,奥迪 A6L 2011款 2.0TFSI 无级 标准型,奥迪-A6,37.75,1.86,2.13,12.83,差,轿车,中大型车,合资,北京,28.36,0.0564238410596026,13.0
优信拍,大众 POLO两厢 2019款 1.5 自动 Plus全景乐享版,大众-POLO,10.99,4.3,4.3,5.08,中,轿车,小型车,合资,重庆,7.45,0.3912647861692447,5.0
有辆,起亚 智跑 2012款 2.0 手自一体 两驱 GL,起亚-智跑,20.98,1.2,1.2,12.92,中,SUV,紧凑型车,合资,杭州,17.37,0.0571973307912297,13.0
有辆,日产 逍客 2016款 1.2T 无级 XE 时尚版,日产-逍客,14.98,3.15,3.15,8.58,中,SUV,紧凑型车,合资,红河哈尼族彝族自治州,14.66,0.2102803738317757,9.0
有辆,现代 悦纳 2016款 1.4 手自一体 GLS 炫酷版,现代-悦纳,8.78,1.5,1.5,7.75,中,轿车,小型车,合资,三亚,10.3,0.1708428246013667,8.0
优信拍,现代 伊兰特三厢 2005款 1.6 自动 舒适型GL,现代-伊兰特,9.88,0.34,0.31,19.58,优,轿车,紧凑型车,合资,广州,11.84,0.0313765182186234,20.0
有辆,奥迪 A6L 2012款 2.0TFSI 无级 标准型,奥迪-A6,40.98,3.6,3.6,12.58,中,轿车,中大型车,合资,成都,40.2,0.0878477306002928,13.0
优信拍,吉利汽车 博越 2020款 1.8T 自动 智慧PRO,吉利-博越,9.98,4.71,4.31,5.25,优,SUV,紧凑型车,国产,武汉,7.5,0.4318637274549097,5.0
优信拍,启辰 R50 2013款 1.6 手动 豪华版,启辰-R50,7.58,0.62,0.62,11.75,中,轿车,紧凑型车,国产,北京,13.86,0.0817941952506596,12.0
优信拍,哈弗 哈弗M6 2021款 1.5T 自动 DCT豪华智联型PLUS,哈弗-M6,8.79,3.6,3.6,4.0,中,SUV,紧凑型车,国产,镇江,5.99,0.4095563139931741,4.0
优信拍,比亚迪 元新能源 2019款 EV535 智联领潮型,比亚迪-元,11.99,2.99,2.99,4.67,中,SUV,小型车,国产,杭州,7.53,0.2493744787322769,5.0
优信拍,哈弗 哈弗H1 2016款 1.5 手动 红标豪华型,哈弗-H1,7.19,0.85,0.85,9.17,中,SUV,小型车,国产,湘潭,14.2,0.1182197496522948,9.0
优信拍,福特 福克斯两厢 2013款 1.8 自动 经典基本型,福特-福克斯,11.53,0.43,0.4,12.75,优,轿车,紧凑型车,合资,广州,6.14,0.0346921075455333,13.0
优信拍,大众 宝来三厢 2014款 1.6 手动 舒适型,大众-宝来,11.33,1.5,1.37,9.83,优,轿车,紧凑型车,合资,遵义,9.32,0.1209179170344219,10.0
优信拍,Jeep 指南者(进口) 2014款 2.4 自动 运动版四驱 (进口),Jeep-指南者,24.18,1.54,1.54,11.5,中,SUV,紧凑型车,合资,广州,10.55,0.0636889991728701,12.0
有辆,长安 CS75 2014款 1.8T 手自一体 精英型,长安-CS75,13.58,1.1,1.26,10.67,差,SUV,紧凑型车,国产,重庆,13.15,0.0927835051546391,11.0
优信拍,别克 威朗三厢 2017款 1.5 自动 15S领先型,别克-威朗,15.59,1.64,1.64,8.25,中,轿车,紧凑型车,合资,深圳,10.68,0.1051956382296343,8.0
优信拍,大众 迈腾 2017款 1.8T 自动 330TSI领先型,大众-迈腾,21.99,5.61,5.61,8.0,中,轿车,中型车,合资,苏州,13.01,0.2551159618008186,8.0
优信拍,马自达 CX-5 2019款 2.0 自动 云控版舒适型前驱,马自达-CX-5,18.98,5.17,5.17,5.92,中,SUV,紧凑型车,合资,南宁,5.69,0.2723919915700737,6.0
优信拍,大众 桑塔纳 2015款 1.6 手动 舒适版,大众-桑塔纳,9.69,1.35,1.54,9.33,差,轿车,紧凑型车,合资,天津,12.73,0.1589267285861713,9.0
有辆,日产 逍客 2012款 2.0 无级 XL 火 两驱,日产-逍客,15.18,1.01,1.01,11.92,中,SUV,紧凑型车,合资,成都,20.2,0.0665349143610013,12.0
