品牌,车型,上牌时间,行驶里程,颜色,城市,车况,是否营运,成交价格,成交时间
大众,2024款 朗逸 300TSI DSG星空领先版,2024年10月1日,1.7,白色,平顶山,80B,非营运,8.05,11月28日
大众,2023款 朗逸 新锐 1.5L 自动出众新逸版,2024年9月1日,3.2,黑色,北京,65B,非营运,5.31,11月6日
大众,2023款 朗逸 新锐 1.5L 自动新逸版,2024年5月1日,3.3,白色,郑州,80B,非营运,5.52,7月14日
大众,2023款 朗逸 300TSI DSG星空满逸版,2024年5月1日,2.8,黑色,北京,80B,非营运,7.85,12月13日
大众,2023款 朗逸 新锐 1.5L 自动新愿版,2024年4月1日,1.3,白色,北京,80B,非营运,6.41,9月5日
大众,2024款 朗逸 1.5L 自动星空五百万版,2024年1月1日,2.5,黑色,达州,80A,非营运,7.02,7月14日
大众,2023款 朗逸 新锐 1.5L 自动新逸版,2023年12月1日,1.0,白色,北京,65B,非营运,4.49,8月30日
大众,2024款 朗逸 1.5L 自动星空五百万版,2023年10月1日,3.1,白色,长沙,80B,非营运,7.05,6月30日
大众,2023款 朗逸 改款 1.5L 自动得逸版,2023年7月1日,9.0,白色,郑州,80B,非营运,5.24,11月18日
大众,2023款 朗逸 改款 1.5L 自动得逸版,2023年7月1日,7.6,白色,郑州,65B,非营运,5.05,11月13日
大众,2023款 朗逸 改款 1.5L 自动得逸版,2023年7月1日,10.8,白色,郑州,80B,非营运,5.0,12月2日
大众,2023款 朗逸 改款 1.5L 自动得逸版,2023年7月1日,7.8,白色,郑州,65B,非营运,4.97,11月14日
大众,2023款 朗逸 新锐 1.5L 自动新愿版,2023年6月1日,0.7,蓝色,保定,80B,非营运,5.65,7月30日
大众,2023款 朗逸 1.5L 自动满逸版,2023年6月1日,2.6,白色,重庆,80B,非营运,5.31,8月4日
大众,2023款 朗逸 新锐 1.5L 自动新愿版,2023年5月1日,0.2,蓝色,天津,65B,非营运,5.27,12月23日
大众,2023款 朗逸 280TSI DSG满逸版,2023年5月1日,4.0,白色,郑州,80B,非营运,6.66,8月18日
大众,2023款 朗逸 1.5L 自动得逸版,2023年1月1日,11.7,白色,西安,65D,非营运,4.82,8月14日
大众,2023款 朗逸 1.5L 自动得逸版,2023年1月1日,6.3,白色,郑州,65B,非营运,5.07,11月8日
大众,2023款 朗逸 1.5L 自动得逸版,2023年1月1日,5.9,白色,郑州,80B,非营运,5.13,11月7日
大众,2023款 朗逸 1.5L 自动得逸版,2023年1月1日,5.7,白色,郑州,80B,非营运,5.11,11月13日
大众,2023款 朗逸 1.5L 自动满逸版,2022年10月1日,24.2,黑色,北京,50B,非营运,4.72,12月21日
大众,2023款 朗逸 1.5L 自动得逸版,2022年10月1日,11.0,其他,西安,65D,非营运,4.61,12月2日
大众,2022款 朗逸 1.5L 自动风尚版,2022年10月1日,10.9,白色,青岛,65B,非营运,4.33,11月28日
大众,2023款 朗逸 1.5L 自动得逸版,2022年9月1日,7.9,白色,西安,65D,非营运,4.66,11月3日
大众,2023款 朗逸 1.5L 自动得逸版,2022年9月1日,8.1,白色,西安,65B,非营运,4.7,9月10日
大众,2023款 朗逸 1.5L 自动得逸版,2022年9月1日,9.2,白色,郑州,65B,非营运,4.73,11月13日
大众,2021款 朗逸 1.5L 自动风尚版,2022年8月1日,10.7,白色,武汉,65D,非营运,4.4,10月24日
大众,2023款 朗逸 1.5L 自动五百万版,2022年8月1日,2.0,黑色,商丘,80B,非营运,6.94,11月21日
大众,2022款 朗逸 1.5L 自动风尚版,2022年7月1日,5.3,白色,西安,80D,非营运,4.34,9月10日
大众,2022款 朗逸 1.5L 自动风尚版,2022年7月1日,5.8,白色,西安,80D,非营运,4.8,9月10日
大众,2021款 朗逸 1.5L 自动风尚版,2022年7月1日,8.7,灰色,宁波,65B,非营运,4.46,12月2日
大众,2022款 朗逸 1.5L 自动风尚版,2022年7月1日,17.2,白色,苏州,65B,非营运,4.09,10月10日
大众,2022款 朗逸 1.5L 自动视野版,2022年6月1日,22.6,黄色,郑州,65B,非营运,4.52,11月9日
大众,2021款 朗逸 1.5L 自动风尚版,2022年6月1日,12.2,灰色,广州,65B,非营运,4.41,12月15日
大众,2022款 朗逸 1.5L 自动风尚版,2022年3月1日,4.9,白色,唐山,80B,非营运,5.09,11月3日
大众,2022款 朗逸 1.5L 自动风尚版,2022年1月1日,9.4,黑色,南京,65B,非营运,4.31,12月15日
大众,2022款 朗逸 280TSI DSG舒适版,2022年1月1日,3.0,白色,枣庄,80B,非营运,6.26,8月13日
大众,2022款 朗逸 1.5L 自动视野版,2022年1月1日,5.8,白色,昆明,65B,非营运,5.34,10月28日
大众,2021款 朗逸 1.5L 自动舒适版 国VI,2022年1月1日,3.6,黑色,郑州,80B,非营运,5.56,10月9日
大众,2021款 朗逸 1.5L 自动舒适版 国VI,2022年1月1日,6.6,白色,北京,65B,非营运,5.55,10月17日
大众,2022款 朗逸 280TSI DSG舒适版,2021年12月1日,4.7,白色,西安,80B,非营运,5.72,8月12日
大众,2021款 朗逸 1.5L 自动舒适版 国VI,2021年9月1日,13.1,黑色,北京,50B,非营运,4.39,7月21日
大众,2021款 朗逸 1.5L 自动风尚版,2021年8月1日,7.4,白色,沈阳,65D,非营运,3.85,7月18日
大众,2021款 朗逸 280TSI DSG舒适版 国VI,2021年7月1日,8.4,白色,唐山,65C,非营运,5.67,11月12日
大众,2021款 朗逸 280TSI DSG舒适版 国VI,2021年7月1日,8.4,白色,唐山,65C,非营运,5.65,11月10日
大众,2021款 朗逸 280TSI DSG舒适版 国VI,2021年7月1日,3.5,白色,合肥,80B,非营运,6.0,9月2日
大众,2019款 朗逸 启航 1.5L 手动风尚版 国VI,2021年5月1日,7.3,白色,西安,65B,非营运,3.31,7月29日
大众,2019款 朗逸 启航 1.5L 手动风尚版 国VI,2021年5月1日,9.5,白色,保定,50D,非营运,2.99,11月18日
大众,2021款 朗逸 280TSI DSG舒适版 国VI,2021年5月1日,5.5,白色,保定,65B,非营运,5.34,8月25日
大众,2019款 朗逸 1.5L 自动视野版 国VI,2021年3月1日,4.8,黄色,临沂,80B,非营运,5.16,11月24日
大众,2021款 朗逸 1.5L 自动风尚版,2021年1月1日,8.4,黑色,杭州,65B,预约出租转非,3.43,11月19日
大众,2019款 朗逸 启航 1.5L 自动舒适版 国VI,2020年12月1日,2.7,白色,保定,65D,非营运,3.89,8月27日
大众,2019款 朗逸 启航 1.5L 自动舒适版 国VI,2020年12月1日,5.4,白色,渭南,80B,非营运,4.28,10月15日
大众,2019款 朗逸 启航 1.5L 自动风尚版 国VI,2020年10月1日,5.5,黑色,西安,80B,非营运,4.15,9月15日
大众,2019款 朗逸 启航 1.5L 自动舒适版 国VI,2020年9月1日,6.8,白色,青岛,65B,非营运,4.1,9月29日
大众,2019款 朗逸 1.5L 自动风尚版 国VI,2020年9月1日,12.7,白色,商丘,65B,非营运,3.97,8月13日
大众,2019款 朗逸 280TSI DSG豪华版 国VI,2020年4月1日,11.7,白色,深圳,65D,非营运,4.27,6月30日
大众,2019款 朗逸 1.5L 自动舒适版 国VI,2020年3月1日,5.7,白色,西安,65B,非营运,5.16,6月30日
大众,2019款 朗逸 1.5L 自动舒适版 国VI,2019年11月1日,11.9,黄色,郑州,65B,非营运,3.95,6月30日
大众,2019款 朗逸 1.5L 自动舒适版 国VI,2019年11月1日,6.7,白色,西安,65B,非营运,4.14,6月30日
大众,2019款 朗逸 1.5L 自动舒适版 国VI,2019年11月1日,6.7,白色,西安,65B,非营运,3.94,6月30日
大众,2018款 朗逸 1.5L 自动风尚版 国V,2019年10月1日,25.0,黄色,福州,65B,非营运,3.5,6月30日
大众,2019款 朗逸 280TSI DSG舒适版 国VI,2019年10月1日,3.8,黑色,郑州,65B,非营运,5.17,6月30日
大众,2017款 朗逸 1.6L 自动风尚版,2019年7月1日,12.4,白色,青岛,65B,营运,2.0,7月16日
大众,2019款 朗逸 280TSI DSG舒适版 国VI,2019年6月1日,6.8,黑色,安阳,65B,非营运,4.47,9月20日
大众,2019款 朗逸 280TSI DSG豪华版 国VI,2019年4月1日,11.0,黄色,郑州,65D,非营运,4.18,11月5日
大众,2019款 朗逸 280TSI DSG舒适版 国VI,2019年4月1日,7.4,黑色,郑州,65B,非营运,5.1,10月10日
大众,2018款 朗逸 280TSI DSG 舒适版 国V,2019年4月1日,48.9,白色,北京,50D,非营运,2.84,8月16日
大众,2017款 朗逸 1.6L 自动风尚版,2019年3月1日,3.5,白色,海口,65B,非营运,3.62,11月13日
大众,2017款 朗逸 1.6L 自动舒适版,2019年1月1日,9.4,黑色,郑州,65B,非营运,3.66,7月26日
大众,2017款 朗逸 1.6L 自动风尚版,2019年1月1日,2.5,白色,海口,65B,非营运,3.45,11月14日
大众,2017款 朗逸 1.6L 自动风尚版,2019年1月1日,3.5,白色,海口,65B,非营运,3.45,11月13日
大众,2017款 朗逸 1.6L 自动风尚版,2019年1月1日,4.1,白色,海口,65B,非营运,3.63,11月13日
大众,2017款 朗逸 1.6L 自动风尚版,2019年1月1日,3.2,其他,海口,65B,非营运,3.74,11月13日
大众,2017款 朗逸 1.6L 自动风尚版,2019年1月1日,4.0,白色,海口,65B,非营运,3.69,11月13日
大众,2017款 朗逸 1.6L 自动风尚版,2019年1月1日,4.5,白色,海口,65B,非营运,3.55,11月13日
大众,2017款 朗逸 1.6L 自动风尚版,2019年1月1日,6.4,白色,海口,65B,非营运,3.5,11月13日
大众,2017款 朗逸 1.6L 自动风尚版,2019年1月1日,4.2,白色,海口,65B,非营运,3.6,11月13日
大众,2017款 朗逸 1.6L 自动风尚版,2019年1月1日,5.2,白色,海口,65B,非营运,3.52,11月13日
大众,2017款 朗逸 1.6L 自动风尚版,2018年11月1日,4.6,白色,郑州,65B,非营运,3.42,10月19日
大众,2018款 朗逸 280TSI DSG 舒适版 国V,2018年10月1日,33.6,黑色,北京,50D,非营运,3.23,8月16日
大众,2017款 朗逸 1.6L 自动风尚版,2018年10月1日,4.2,黑色,天津,65B,非营运,3.45,9月11日
大众,2018款 朗逸 280TSI DSG 舒适版 国V,2018年9月1日,8.6,白色,周口,65B,非营运,4.49,9月22日
大众,2017款 朗逸 1.6L 自动风尚版,2018年9月1日,8.4,白色,北京,65B,非营运,3.42,10月26日
大众,2018款 朗逸 280TSI DSG 舒适版 国V,2018年8月1日,47.8,白色,北京,65B,非营运,3.46,12月8日
大众,2017款 朗逸 1.6L 自动舒适版,2018年8月1日,19.0,黑色,上海,65D,非营运,2.4,9月15日
大众,2017款 朗逸 1.6L 自动舒适版,2018年8月1日,8.9,白色,凉山彝族自治州,65B,非营运,3.27,10月11日
大众,2017款 朗逸 1.6L 手动舒适版,2018年6月1日,13.9,白色,北京,50D,非营运,2.0,10月11日
大众,2018款 朗逸 1.5L 自动舒适版 国V,2018年6月1日,11.7,紫色,杭州,65B,非营运,3.93,7月12日
大众,2017款 朗逸 230TSI DSG 舒适版,2018年6月1日,4.0,灰色,北京,65B,非营运,3.91,10月28日
大众,2017款 朗逸 1.6L 自动舒适版,2018年4月1日,8.3,白色,西安,65B,非营运,3.92,8月7日
大众,2013款 朗逸 改款经典 1.6L 手动风尚版,2018年4月1日,16.9,黑色,成都,65D,非营运,1.8,11月21日
大众,2017款 朗逸 1.6L 自动舒适版,2018年3月1日,4.2,黄色,南京,65B,非营运,3.25,10月12日
大众,2017款 朗逸 1.6L 自动风尚版,2018年3月1日,9.9,黑色,青岛,65B,营运,1.59,7月16日
大众,2017款 朗逸 1.6L 自动风尚版,2018年3月1日,9.0,黑色,青岛,65B,营运,1.75,7月16日
大众,2013款 朗逸 改款经典 1.6L 自动风尚版,2018年3月1日,11.2,黑色,广州,65D,非营运,2.98,11月5日
大众,2017款 朗逸 1.6L 自动风尚版,2018年3月1日,11.2,黑色,青岛,50B,营运,1.55,7月16日
大众,2017款 朗逸 1.6L 自动风尚版,2018年2月1日,10.3,白色,西安,65B,非营运,3.15,10月27日
大众,2017款 朗逸 230TSI DSG舒适版,2018年2月1日,13.1,白色,平顶山,65B,非营运,3.72,11月4日
大众,2017款 朗逸 1.6L 自动舒适版,2018年2月1日,7.0,白色,北京,50B,非营运,2.95,10月24日
大众,2017款 朗逸 1.6L 自动舒适版,2018年2月1日,7.0,白色,北京,50B,非营运,3.17,10月22日
大众,2013款 朗逸 改款经典 1.6L 自动风尚版,2018年1月1日,13.8,白色,石家庄,65B,非营运,3.16,10月9日
大众,2013款 朗逸 改款经典 1.6L 自动风尚版,2018年1月1日,9.2,白色,郑州,65B,非营运,2.79,7月29日
大众,2017款 朗逸 1.6L 自动风尚版,2018年1月1日,9.2,白色,郑州,65B,非营运,2.99,7月27日
大众,2013款 朗逸 改款经典 1.6L 自动风尚版,2018年1月1日,37.5,白色,北京,65B,非营运,2.97,7月19日
大众,2017款 朗逸 1.6L 手动舒适版,2018年1月1日,12.6,黑色,保定,65B,非营运,3.0,12月8日
大众,2017款 朗逸 1.6L 手动风尚版,2018年1月1日,9.6,白色,天津,65D,非营运,2.55,9月29日
大众,2017款 朗逸 1.6L 自动风尚版,2017年12月1日,13.0,黑色,保定,65B,非营运,2.6,11月3日
大众,2017款 朗逸 1.6L 自动舒适版,2017年12月1日,13.0,灰色,长沙,65B,非营运,2.96,11月24日
大众,2017款 朗逸 1.6L 自动舒适版,2017年12月1日,8.8,白色,嘉兴,65B,非营运,2.85,8月12日
大众,2017款 朗逸 230TSI DSG舒适版,2017年11月1日,9.0,白色,南阳,65B,非营运,3.46,10月10日
大众,2017款 朗逸 230TSI DSG舒适版,2017年11月1日,9.8,黑色,北京,50B,非营运,4.0,10月9日
大众,2017款 朗逸 1.6L 自动舒适版,2017年11月1日,9.2,白色,长沙,65B,非营运,2.86,9月28日
大众,2017款 朗逸 1.6L 手动舒适版,2017年10月1日,9.0,白色,天津,65D,非营运,2.32,9月12日
大众,2017款 朗逸 1.6L 自动舒适版,2017年10月1日,6.7,白色,郑州,65D,非营运,3.26,9月25日
大众,2013款 朗逸 改款经典 1.6L 自动舒适版,2017年10月1日,17.0,黑色,北京,50B,非营运,2.13,11月26日
大众,2017款 朗逸 230TSI DSG舒适版,2017年10月1日,14.2,黑色,北京,50B,非营运,2.76,10月19日
大众,2017款 朗逸 230TSI DSG舒适版,2017年9月1日,16.4,黑色,北京,65B,非营运,3.21,10月16日
大众,2017款 朗逸 1.6L 自动舒适版,2017年9月1日,9.4,黑色,石家庄,65D,非营运,2.95,9月16日
大众,2017款 朗逸 1.6L 自动舒适版,2017年9月1日,9.4,黑色,石家庄,65D,非营运,2.92,9月16日
大众,2017款 朗逸 230TSI DSG舒适版,2017年9月1日,8.6,白色,石家庄,65B,非营运,3.82,12月4日
大众,2013款 朗逸 改款经典 1.6L 自动舒适版,2017年9月1日,16.1,黑色,济宁,65B,非营运,2.89,11月25日
大众,2017款 朗逸 1.6L 自动舒适版,2017年9月1日,38.6,黑色,北京,35D,非营运,2.62,8月23日
大众,2017款 朗逸 1.6L 自动风尚版,2017年8月1日,11.1,白色,保定,65B,非营运,3.12,12月12日
大众,2017款 朗逸 1.6L 自动舒适版,2017年8月1日,5.0,白色,保定,65B,非营运,4.6,10月17日
大众,2017款 朗逸 1.6L 自动风尚版,2017年8月1日,5.3,白色,北京,65B,非营运,2.57,9月29日
大众,2017款 朗逸 1.6L 自动舒适版,2017年8月1日,7.3,白色,北京,65B,非营运,2.91,8月21日
大众,2017款 朗逸 1.6L 自动风尚版,2017年7月1日,15.8,白色,西安,65B,非营运,2.95,8月22日
大众,2017款 朗逸 1.6L 手动风尚版,2017年6月1日,11.9,白色,昆明,65B,非营运,2.62,9月28日
大众,2013款 朗逸 改款经典 1.6L 自动风尚版,2017年6月1日,8.2,白色,长沙,65B,非营运,2.9,10月23日
大众,2015款 朗逸 1.6 手动舒适版,2017年6月1日,11.6,白色,成都,65B,非营运,2.47,11月1日
大众,2017款 朗逸 1.6L 手动舒适版,2017年6月1日,6.0,黑色,北京,50B,非营运,3.09,12月15日
大众,2015款 朗逸 1.6 手动舒适版,2017年5月1日,13.0,黑色,郑州,65B,非营运,2.24,12月20日
大众,2017款 朗逸 1.6L 自动舒适版,2017年5月1日,5.3,白色,商丘,65D,非营运,2.85,6月30日
大众,2017款 朗逸 1.6L 手动风尚版,2017年5月1日,17.7,白色,凉山彝族自治州,65B,非营运,1.71,6月30日
大众,2013款 朗逸 改款经典 1.6L 自动风尚版,2017年4月1日,10.4,黑色,宜宾,65D,非营运,1.6,6月30日
大众,2017款 朗逸 1.6L 手动风尚版,2017年2月1日,7.3,黑色,临沂,65B,非营运,2.65,6月30日
大众,2013款 朗逸 改款经典 1.6L 手动风尚版,2017年2月1日,30.2,白色,信阳,65B,预约出租转非,0.85,6月30日
大众,2015款 朗逸 1.6L 自动舒适版,2016年12月1日,10.7,红色,株洲,65B,非营运,2.6,6月30日
大众,2013款 朗逸 改款经典 1.6L 自动风尚版,2016年12月1日,23.5,白色,长沙,65D,非营运,1.88,10月30日
大众,2015款 朗逸 1.6L 自动舒适版,2016年11月1日,11.4,黑色,南阳,65B,非营运,2.78,8月20日
大众,2015款 朗逸 1.6L 手动风尚版,2016年10月1日,11.8,白色,安康,65D,非营运,1.73,11月3日
大众,2015款 朗逸 1.6L 手动风尚版,2016年10月1日,11.8,白色,安康,65D,非营运,1.75,10月30日
大众,2015款 朗逸 1.6L 自动舒适版,2016年10月1日,16.0,白色,自贡,65B,非营运,2.47,9月27日
大众,2015款 朗逸 1.6L 手动风尚版,2016年10月1日,13.2,白色,信阳,65B,非营运,2.12,7月24日
大众,2015款 朗逸 1.6L 手动风尚版,2016年9月1日,9.3,黑色,内江,65B,非营运,2.0,8月25日
大众,2015款 朗逸 1.6L 自动舒适版,2016年9月1日,11.5,白色,周口,65B,非营运,2.74,9月23日
大众,2015款 朗逸 1.6 手动舒适版,2016年9月1日,14.2,白色,信阳,65D,非营运,1.86,12月4日
大众,2015款 朗逸 1.6 手动舒适版,2016年9月1日,6.9,白色,北京,50B,非营运,2.8,10月9日
大众,2015款 朗逸 1.6L 自动风尚版,2016年8月1日,10.8,白色,东莞,65D,非营运,2.29,12月12日
大众,2013款 朗逸 改款经典 1.6L 自动舒适版,2016年8月1日,14.7,灰色,重庆,65B,非营运,2.26,11月28日
大众,2015款 朗逸 1.6L 自动舒适版,2016年8月1日,16.6,白色,广安,65B,非营运,2.59,9月25日
大众,2015款 朗逸 1.6L 自动舒适版,2016年6月1日,8.9,黑色,天津,65B,非营运,3.01,10月20日
大众,2013款 朗逸 改款经典 1.6L 手动风尚版,2016年6月1日,15.1,白色,临沂,65B,非营运,2.25,9月6日
大众,2013款 朗逸 改款经典 1.6L 自动风尚版,2016年5月1日,12.5,白色,唐山,65B,非营运,2.92,9月4日
大众,2013款 朗逸 改款经典 1.6L 手动舒适版,2016年5月1日,16.5,白色,北京,50B,非营运,1.77,9月26日
大众,2015款 朗逸 1.6L 自动风尚版,2016年5月1日,19.6,黑色,株洲,50B,非营运,2.2,10月13日
大众,2015款 朗逸 1.6L 自动风尚版,2016年5月1日,7.9,白色,安阳,65B,非营运,2.96,10月5日
大众,2013款 朗逸 1.6L 自动风尚版,2016年4月1日,12.5,黑色,娄底,50D,非营运,1.48,11月11日
大众,2015款 朗逸 1.6L 自动风尚版,2016年4月1日,7.4,白色,周口,65B,非营运,2.97,11月14日
大众,2015款 朗逸 1.6 手动舒适版,2016年4月1日,18.8,黑色,西安,65B,非营运,2.01,11月21日
大众,2015款 朗逸 1.6L 自动舒适版,2016年4月1日,23.5,黑色,北京,35D,非营运,2.12,7月31日
大众,2013款 朗逸 改款经典 1.6L 自动风尚版,2016年4月1日,9.3,黑色,银川,65D,非营运,2.1,10月13日
大众,2015款 朗逸 1.6L 手动风尚版,2016年3月1日,31.8,黑色,唐山,65D,非营运,1.34,7月15日
大众,2015款 朗逸 1.6L 手动风尚版,2016年3月1日,21.0,白色,西安,65D,非营运,0.68,10月11日
大众,2015款 朗逸 1.6 手动舒适版,2016年3月1日,7.9,黑色,临沂,65B,非营运,2.49,9月13日
大众,2015款 朗逸 1.6L 自动舒适版,2016年3月1日,20.8,白色,杭州,65B,非营运,2.37,12月9日
大众,2013款 朗逸 改款经典 1.6L 自动舒适版,2016年2月1日,12.5,黑色,榆林,65B,非营运,2.43,9月8日
大众,2013款 朗逸 改款经典 1.6L 自动风尚版,2016年2月1日,12.5,黑色,长沙,65B,非营运,2.84,11月25日
大众,2015款 朗逸 230TSI DSG舒适版,2016年2月1日,19.2,黑色,武汉,65B,非营运,2.43,10月5日
大众,2015款 朗逸 1.6L 手动风尚版,2016年2月1日,15.7,黑色,益阳,65B,非营运,1.78,10月19日
大众,2013款 朗逸 改款经典 1.6L 自动舒适版,2016年2月1日,15.7,黑色,武汉,65B,非营运,2.15,11月25日
大众,2013款 朗逸 改款 1.4TSI DSG舒适版,2016年1月1日,16.9,黑色,驻马店,65B,非营运,1.9,10月3日
大众,2015款 朗逸 1.6L 手动风尚版,2016年1月1日,12.9,白色,东莞,65B,非营运,1.75,11月24日
大众,2013款 朗逸 改款经典 1.6L 手动风尚版,2016年1月1日,5.0,黑色,南昌,65B,非营运,2.2,10月12日
大众,2015款 朗逸 1.6L 手动风尚版,2016年1月1日,11.4,白色,保定,50B,非营运,1.81,10月3日
大众,2013款 朗逸 改款经典 1.6L 手动风尚版,2016年1月1日,15.0,黑色,北京,50B,非营运,1.94,11月20日
大众,2015款 朗逸 230TSI DSG舒适版,2016年1月1日,14.1,黑色,邢台,65B,非营运,2.95,7月25日
大众,2015款 朗逸 1.6 手动舒适版,2015年12月1日,22.9,黑色,北京,50B,非营运,1.88,7月14日
大众,2015款 朗逸 1.6L 自动舒适版,2015年12月1日,15.4,白色,绍兴,65B,非营运,2.42,10月3日
大众,2015款 朗逸 1.6L 手动风尚版,2015年12月1日,10.4,灰色,西安,65B,非营运,1.75,9月24日
大众,2015款 朗逸 1.6L 手动风尚版,2015年11月1日,22.1,白色,天津,65B,非营运,1.78,10月16日
大众,2015款 朗逸 230TSI DSG舒适版,2015年11月1日,4.4,黑色,北京,50B,非营运,2.31,7月14日
大众,2015款 朗逸 1.6L 自动风尚版,2015年11月1日,9.2,黑色,扬州,65B,非营运,2.6,11月15日
大众,2013款 朗逸 改款经典 1.6L 自动舒适版,2015年10月1日,18.5,黑色,济南,65B,非营运,1.95,11月4日
大众,2013款 朗逸 改款经典 1.6L 手动舒适版,2015年10月1日,7.0,黑色,临沂,65B,非营运,2.12,8月4日
大众,2013款 朗逸 改款经典 1.6L 自动风尚版,2015年9月1日,9.5,黑色,广安,65C,非营运,1.51,10月22日
大众,2013款 朗逸 改款经典 1.6L 自动风尚版,2015年9月1日,9.8,黑色,北京,65C,非营运,2.18,9月20日
大众,2013款 朗逸 改款经典 1.6L 手动舒适版,2015年9月1日,9.5,黑色,长沙,65D,非营运,1.18,8月15日
大众,2013款 朗逸 改款经典 1.6L 手动风尚版,2015年9月1日,12.3,黑色,临沂,65B,非营运,1.74,12月9日
大众,2013款 朗逸 改款经典 1.6L 自动风尚版,2015年8月1日,11.6,黑色,北京,50D,非营运,1.74,12月9日
大众,2013款 朗逸 改款经典 1.6L 自动舒适版,2015年7月1日,44.7,黑色,西安,50D,非营运,0.95,9月2日
大众,2013款 朗逸 改款经典 1.6L 自动舒适版,2015年6月1日,11.9,白色,武汉,65B,非营运,2.31,8月12日
大众,2013款 朗逸 改款经典 1.6L 自动舒适版,2015年6月1日,10.0,白色,唐山,65B,非营运,2.66,9月22日
大众,2013款 朗逸 改款经典 1.6L 自动风尚版,2015年5月1日,11.9,灰色,长沙,65B,非营运,1.95,8月4日
大众,2013款 朗逸 改款经典 1.6L 自动风尚版,2015年5月1日,12.7,黑色,湘潭,50D,非营运,1.63,8月7日
大众,2013款 朗逸 改款经典 1.6L 手动舒适版,2015年4月1日,4.0,黑色,天津,65B,非营运,1.83,8月25日
大众,2013款 朗逸 改款经典 1.6L 自动舒适版,2015年4月1日,15.7,白色,郑州,50B,非营运,2.11,11月16日
大众,2013款 朗逸 改款经典 1.6L 自动风尚版,2015年3月1日,9.4,白色,信阳,65D,非营运,1.94,7月10日
大众,2013款 朗逸 改款经典 1.6L 手动舒适版,2015年1月1日,8.7,黑色,邯郸,65B,非营运,2.16,11月10日
大众,2013款 朗逸 改款经典 1.6L 自动舒适版,2015年1月1日,10.6,黑色,北京,50D,非营运,1.11,8月28日
大众,2013款 朗逸 改款经典 1.6L 手动舒适版,2015年1月1日,10.0,黑色,台州,65B,非营运,1.45,10月23日
大众,2013款 朗逸 改款经典 1.6L 手动舒适版,2015年1月1日,10.0,黑色,台州,65B,非营运,1.45,10月17日
大众,2013款 朗逸 改款经典 1.6L 自动舒适版,2015年1月1日,18.3,灰色,唐山,65B,非营运,2.1,8月5日
大众,2013款 朗逸 改款经典 1.6L 自动风尚版,2014年12月1日,24.9,灰色,长沙,50D,非营运,1.33,8月5日
大众,2013款 朗逸 改款经典 1.6L 自动风尚版,2014年12月1日,6.6,黑色,北京,65B,非营运,2.67,12月21日
大众,2013款 朗逸 改款经典 1.6L 手动舒适版,2014年12月1日,18.0,灰色,益阳,65B,非营运,1.27,7月27日
大众,2013款 朗逸 改款经典 1.6L 手动舒适版,2014年11月1日,5.5,黑色,延安,65A,非营运,1.68,10月10日
大众,2014款 朗逸 1.4TSI DSG运动版,2014年11月1日,11.4,灰色,呼和浩特,65B,非营运,2.38,11月25日
大众,2013款 朗逸 改款经典 1.6L 手动舒适版,2014年11月1日,17.7,黑色,达州,65B,非营运,1.0,11月22日
大众,2013款 朗逸 改款经典 1.6L 手动舒适版,2014年11月1日,12.5,白色,保定,65B,非营运,1.56,11月28日
大众,2013款 朗逸 改款 1.4TSI DSG舒适版,2014年11月1日,6.2,白色,北京,50B,非营运,2.72,8月29日
大众,2013款 朗逸 改款经典 1.6L 自动舒适版,2014年10月1日,24.9,黑色,北京,50B,非营运,1.61,12月19日
大众,2013款 朗逸 改款经典 1.6L 自动舒适版,2014年10月1日,11.5,白色,绍兴,65B,非营运,2.13,7月18日
大众,2013款 朗逸 改款经典 1.6L 自动舒适版,2014年9月1日,20.4,白色,台州,65D,非营运,1.25,11月24日
大众,2014款 朗逸 1.4TSI DSG 30周年纪念版,2014年9月1日,13.7,白色,北京,50C,非营运,2.39,10月28日
大众,2013款 朗逸 改款经典 1.6L 自动风尚版,2014年9月1日,19.8,黑色,重庆,65D,非营运,1.55,11月5日
大众,2013款 朗逸 改款经典 1.6L 手动风尚版,2014年9月1日,18.9,黑色,金华,65B,非营运,0.91,8月21日
大众,2013款 朗逸 改款经典 1.6L 手动舒适版,2014年9月1日,9.3,白色,保定,65B,非营运,1.63,9月27日
大众,2013款 朗逸 1.4TSI 手动舒适版,2014年9月1日,10.7,黑色,湘潭,50D,非营运,0.76,8月13日
大众,2013款 朗逸 改款经典 1.6L 自动舒适版,2014年7月1日,12.0,红色,绍兴,65B,非营运,1.8,10月6日
大众,2013款 朗逸 改款经典 1.6L 手动风尚版,2014年7月1日,10.4,黑色,济南,65B,非营运,1.52,9月6日
大众,2013款 朗逸 改款经典 1.6L 自动舒适版,2014年7月1日,17.8,白色,济南,65B,非营运,1.67,9月13日
大众,2013款 朗逸 改款经典 1.6L 自动舒适版,2014年6月1日,13.7,白色,驻马店,65B,非营运,2.27,12月10日
大众,2013款 朗逸 1.4TSI DSG豪华版,2014年5月1日,19.3,灰色,济南,65B,非营运,1.8,9月15日
大众,2013款 朗逸 改款经典 1.6L 手动风尚版,2014年5月1日,8.4,黑色,驻马店,65D,非营运,0.91,7月18日
大众,2013款 朗逸 改款经典 1.6L 自动风尚版,2014年4月1日,14.1,白色,长沙,65B,非营运,2.09,8月12日
大众,2013款 朗逸 改款经典 1.6L 手动风尚版,2014年4月1日,13.9,黑色,石家庄,50D,非营运,1.07,7月29日
大众,2013款 朗逸 改款经典 1.6L 自动舒适版,2014年4月1日,9.5,白色,南京,65B,非营运,2.02,12月1日
大众,2013款 朗逸 改款 1.4TSI DSG舒适版,2014年4月1日,14.9,灰色,郑州,65B,非营运,2.21,11月29日
大众,2013款 朗逸 改款 1.4TSI DSG舒适版,2014年4月1日,6.8,灰色,渭南,65B,非营运,2.47,7月23日
大众,2013款 朗逸 改款经典 1.6L 自动风尚版,2014年4月1日,5.7,黑色,孝感,65B,非营运,1.91,7月29日
大众,2013款 朗逸 改款经典 1.6L 手动风尚版,2014年3月1日,34.8,灰色,南京,65B,非营运,0.61,12月16日
大众,2013款 朗逸 改款 1.4TSI DSG豪华版,2014年3月1日,10.8,黑色,郑州,65B,非营运,2.38,12月12日
大众,2013款 朗逸 改款经典 1.6L 自动风尚版,2014年3月1日,13.5,白色,杭州,65B,非营运,2.21,8月4日
大众,2013款 朗逸 改款经典 1.6L 自动风尚版,2014年3月1日,12.8,白色,青岛,65B,非营运,2.16,9月21日
大众,2013款 朗逸 改款经典 1.6L 自动风尚版,2014年1月1日,8.6,白色,西安,65B,非营运,2.04,8月29日
大众,2013款 朗逸 改款经典 1.6L 手动舒适版,2014年1月1日,10.1,黑色,北京,50B,非营运,1.1,11月5日
大众,2013款 朗逸 改款经典 1.6L 手动舒适版,2014年1月1日,10.1,黑色,北京,50B,非营运,1.08,11月4日
大众,2013款 朗逸 改款 1.4TSI DSG舒适版,2014年1月1日,10.3,灰色,西安,65B,非营运,2.36,12月20日
大众,2013款 朗逸 改款 1.4TSI DSG舒适版,2014年1月1日,10.8,黑色,保定,65B,非营运,1.78,8月20日
大众,2013款 朗逸 改款经典 1.6L 手动舒适版,2014年1月1日,19.8,黑色,泰安,65D,非营运,1.15,10月12日
大众,2013款 朗逸 改款经典 1.6L 自动风尚版,2014年1月1日,6.8,白色,杭州,65D,非营运,1.13,9月7日
大众,2013款 朗逸 改款 1.4TSI DSG豪华版,2014年1月1日,15.8,黑色,郑州,50D,非营运,1.72,11月6日
大众,2013款 朗逸 改款 1.4TSI DSG豪华版,2014年1月1日,37.6,白色,北京,35D,非营运,1.69,9月1日
大众,2013款 朗逸 改款 1.4TSI 手动豪华版,2014年1月1日,27.6,灰色,北京,50B,非营运,1.43,12月3日
大众,2013款 朗逸 改款经典 1.6L 手动风尚版,2014年1月1日,15.2,黑色,北京,50B,非营运,1.38,10月16日
大众,2013款 朗逸 改款经典 1.6L 手动风尚版,2014年1月1日,9.0,黑色,长沙,65B,非营运,1.14,8月22日
大众,2013款 朗逸 1.6L 自动舒适版,2013年12月1日,9.9,红色,济南,65B,非营运,1.59,9月27日
大众,2013款 朗逸 1.4TSI DSG豪华版,2013年11月1日,9.9,黄色,杭州,65B,非营运,1.41,10月9日
大众,2013款 朗逸 改款经典 1.6L 手动舒适版,2013年10月1日,8.2,黑色,保定,50C,非营运,1.19,8月4日
大众,2013款 朗逸 改款经典 1.6L 自动舒适版,2013年10月1日,12.1,白色,北京,65D,非营运,2.38,11月20日
大众,2013款 朗逸 经典 1.6L 手动风尚版,2013年10月1日,17.9,黑色,长沙,65B,非营运,0.54,8月26日
大众,2013款 朗逸 改款 1.4TSI DSG舒适版,2013年10月1日,10.3,其他,北京,50D,非营运,1.78,7月29日
大众,2013款 朗逸 改款经典 1.6L 自动风尚版,2013年10月1日,6.3,黑色,北京,65B,非营运,1.94,11月12日
大众,2013款 朗逸 改款 1.4TSI DSG舒适版,2013年9月1日,20.4,黑色,福州,65B,非营运,1.05,9月13日
大众,2013款 朗逸 改款经典 1.6L 自动舒适版,2013年9月1日,9.1,黑色,驻马店,65D,非营运,1.4,10月3日
大众,2013款 朗逸 改款经典 1.6L 自动舒适版,2013年9月1日,6.1,灰色,北京,65B,非营运,2.41,9月6日
大众,2013款 朗逸 改款 1.4TSI DSG舒适版,2013年9月1日,12.3,白色,郑州,65B,非营运,1.6,7月16日
大众,2013款 朗逸 1.4TSI 手动舒适版,2013年8月1日,14.2,白色,北京,50D,非营运,1.29,9月24日
大众,2013款 朗逸 改款经典 1.6L 自动舒适版,2013年8月1日,14.4,白色,邯郸,65D,非营运,1.56,11月29日
大众,2013款 朗逸 改款经典 1.6L 手动舒适版,2013年8月1日,9.6,灰色,郑州,65B,非营运,1.08,12月16日
大众,2013款 朗逸 改款经典 1.6L 自动舒适版,2013年8月1日,20.3,白色,唐山,65B,非营运,1.64,10月9日
大众,2013款 朗逸 改款经典 1.6L 手动风尚版,2013年8月1日,14.5,黑色,保定,50D,非营运,1.0,9月1日
大众,2013款 朗逸 改款经典 1.6L 手动风尚版,2013年8月1日,12.4,黑色,保定,65D,非营运,1.14,10月20日
大众,2013款 朗逸 改款经典 1.6L 自动舒适版,2013年8月1日,13.2,白色,郑州,65D,非营运,1.74,7月24日
大众,2013款 朗逸 改款经典 1.6L 自动舒适版,2013年7月1日,11.3,灰色,长沙,50D,非营运,1.53,8月29日
大众,2013款 朗逸 改款 1.4TSI 手动舒适版,2013年6月1日,14.0,黑色,杭州,50B,非营运,1.38,10月25日
大众,2013款 朗逸 改款经典 1.6L 自动舒适版,2013年6月1日,13.4,黑色,唐山,65D,非营运,1.1,8月5日
大众,2013款 朗逸 1.4TSI DSG舒适版,2013年5月1日,23.4,黑色,长沙,50D,非营运,1.14,12月11日
大众,2013款 朗逸 1.4TSI DSG舒适版,2013年5月1日,23.6,红色,重庆,65D,非营运,1.3,11月26日
大众,2013款 朗逸 1.4TSI DSG舒适版,2013年5月1日,14.4,白色,北京,65D,非营运,2.23,7月31日
大众,2013款 朗逸 1.6L 自动品悠版,2013年4月1日,7.5,黑色,东莞,65B,非营运,1.73,7月22日
大众,2008款 朗逸 1.6L 自动品悠版,2013年4月1日,11.6,黑色,武汉,65B,非营运,1.07,7月17日
大众,2013款 朗逸 1.4TSI 手动舒适版,2013年2月1日,14.7,黑色,邢台,65B,非营运,1.3,9月5日
大众,2013款 朗逸 1.4TSI DSG舒适版,2013年2月1日,15.1,黑色,西安,65B,非营运,1.47,10月14日
大众,2013款 朗逸 1.6L 自动舒适版,2013年1月1日,13.4,灰色,银川,65B,非营运,1.72,8月2日
大众,2013款 朗逸 1.6L 自动风尚版,2013年1月1日,14.4,灰色,扬州,65B,非营运,1.55,10月24日
大众,2013款 朗逸 1.6L 自动豪华版,2012年12月1日,22.7,灰色,石家庄,65D,非营运,0.93,11月21日
大众,2013款 朗逸 1.6L 自动舒适版,2012年12月1日,21.7,黑色,北京,50D,非营运,1.53,8月18日
大众,2013款 朗逸 1.6L 手动舒适版,2012年12月1日,17.0,灰色,成都,65B,非营运,0.68,11月7日
大众,2013款 朗逸 1.6L 自动舒适版,2012年12月1日,17.2,灰色,西安,65D,非营运,1.24,10月24日
大众,2013款 朗逸 1.6L 自动风尚版,2012年12月1日,17.4,黑色,郑州,50D,非营运,1.1,11月4日
大众,2011款 朗逸 1.6L 手动品雅版,2012年12月1日,15.3,白色,北京,50D,非营运,1.03,10月18日
大众,2011款 朗逸 1.6L 手动品雅版,2012年12月1日,15.3,白色,北京,50D,非营运,0.98,10月17日
大众,2013款 朗逸 1.6L 自动舒适版,2012年11月1日,12.9,灰色,平顶山,65B,非营运,1.8,8月1日
大众,2011款 朗逸 1.6L 自动品雅版,2012年11月1日,15.7,黑色,武汉,65B,非营运,1.16,11月26日
大众,2011款 朗逸 1.6L 手动品悠版,2012年11月1日,10.5,灰色,武汉,65D,非营运,0.65,8月27日
大众,2013款 朗逸 1.6L 手动舒适版,2012年10月1日,19.0,灰色,唐山,65D,非营运,1.07,11月13日
大众,2013款 朗逸 1.4TSI DSG舒适版,2012年10月1日,8.0,黑色,保定,50D,非营运,5.1,9月15日
大众,2011款 朗逸 1.6L 手动品悠版,2012年10月1日,6.4,灰色,天津,65B,非营运,1.38,12月10日
大众,2013款 朗逸 1.6L 自动舒适版,2012年9月1日,9.0,银色,濮阳,65B,非营运,1.49,11月27日
大众,2011款 朗逸 1.4TSI DSG品雅版,2012年9月1日,10.5,黑色,邢台,65B,非营运,1.39,11月26日
大众,2011款 朗逸 1.4TSI DSG品雅版,2012年7月1日,16.9,灰色,沈阳,65B,非营运,1.33,9月29日
大众,2011款 朗逸 1.4TSI DSG品雅版,2012年7月1日,15.1,黄色,北京,50B,非营运,1.28,7月15日
大众,2011款 朗逸 1.4TSI DSG品雅版,2012年7月1日,14.7,白色,北京,50D,非营运,1.49,11月12日
大众,2011款 朗逸 1.6L 自动品雅版,2012年7月1日,11.8,灰色,北京,35D,非营运,1.49,8月5日
大众,2011款 朗逸 1.6L 自动品雅版,2012年5月1日,14.9,灰色,北京,50D,非营运,1.77,8月26日
大众,2011款 朗逸 1.6L 自动品悠版,2012年4月1日,10.1,灰色,北京,50B,非营运,1.53,11月13日
大众,2011款 朗逸 1.4TSI DSG品雅版,2012年1月1日,28.1,灰色,西安,65B,非营运,1.13,12月9日
大众,2011款 朗逸 1.6L 自动品雅版,2011年12月1日,14.6,黑色,保定,50D,非营运,0.7,12月5日
大众,2011款 朗逸 1.6L 手动品悠版,2011年10月1日,11.0,灰色,郑州,50D,非营运,0.61,10月7日
大众,2011款 朗逸 1.6L 自动品悠版,2011年9月1日,18.1,灰色,杭州,50C,非营运,0.58,8月23日
大众,2011款 朗逸 1.6L 自动品雅版,2011年7月1日,11.9,灰色,北京,50B,非营运,1.3,12月6日
大众,2011款 朗逸 1.6L 自动品雅版,2011年3月1日,13.5,灰色,北京,65D,非营运,1.09,11月6日
大众,2011款 朗逸 1.6L 手动品雅版,2011年3月1日,42.8,黑色,郑州,65D,非营运,0.57,7月23日
大众,2011款 朗逸 1.6L 自动品雅版,2011年3月1日,5.0,黄色,北京,65B,非营运,1.3,12月16日
大众,2011款 朗逸 1.6L 自动品雅版,2011年3月1日,12.6,灰色,天津,50D,非营运,1.18,12月16日
大众,2011款 朗逸 1.6L 自动品雅版,2010年12月1日,12.7,灰色,北京,50D,非营运,0.94,11月13日
大众,2011款 朗逸 1.6L 自动品雅版,2010年10月1日,14.3,黑色,保定,50D,非营运,1.25,12月19日
大众,2011款 朗逸 1.4TSI DSG品雅版,2010年10月1日,10.8,黄色,成都,65B,非营运,0.85,12月22日
大众,2011款 朗逸 1.6L 手动品悠版,2010年9月1日,5.3,黑色,北京,35D,非营运,0.77,12月18日
大众,2011款 朗逸 1.6L 自动品雅版,2010年7月1日,21.1,黑色,北京,35D,非营运,0.92,11月22日
大众,2008款 朗逸 1.6L 自动品雅版,2010年4月1日,14.0,灰色,成都,65D,非营运,0.55,11月29日
本田,2022款 凌派 1.5L 锐·豪华版,2023年11月1日,8.0,白色,郑州,65D,非营运,6.08,10月30日
本田,2022款 凌派 1.5L 锐·豪华版,2023年11月1日,6.6,白色,郑州,65D,非营运,6.28,10月30日
本田,2022款 凌派 180Turbo CVT豪华版,2022年11月1日,3.0,白色,郑州,80B,非营运,5.97,12月19日
本田,2022款 凌派 180Turbo CVT幻夜版,2022年11月1日,23.0,黑色,北京,50D,非营运,3.06,7月23日
本田,2022款 凌派 180Turbo CVT幻夜版,2022年11月1日,23.0,黑色,北京,50D,非营运,3.15,7月22日
本田,2022款 凌派 1.5L 锐·豪华版,2022年10月1日,10.6,白色,北京,50D,非营运,3.7,10月9日
本田,2022款 凌派 180Turbo CVT豪华版,2022年7月1日,3.3,黑色,东莞,80B,非营运,5.21,10月29日
本田,2022款 凌派 1.5L 锐·旗舰版,2022年1月1日,2.7,紫色,天津,65B,非营运,6.47,9月29日
本田,2022款 凌派 1.5L 锐·旗舰版,2022年1月1日,2.7,紫色,天津,65B,非营运,7.13,9月25日
本田,2022款 凌派 180Turbo CVT 幻夜版,2022年1月1日,4.1,白色,洛阳,80B,非营运,5.46,10月8日
本田,2019款 凌派 180Turbo CVT 豪华版 国VI,2021年8月1日,6.2,白色,长沙,65B,非营运,4.22,10月24日
本田,2019款 凌派 180Turbo CVT 舒适版 国VI,2021年4月1日,3.1,白色,郑州,65B,非营运,4.13,7月26日
本田,2019款 凌派 180Turbo CVT 豪华版 国VI,2021年1月1日,5.2,黑色,杭州,65B,非营运,4.02,9月23日
本田,2019款 凌派 180Turbo CVT 豪华版 国VI,2021年1月1日,17.3,白色,攀枝花,65B,非营运,3.37,7月11日
本田,2019款 凌派 180Turbo CVT豪华版 国VI,2020年12月1日,8.8,蓝色,杭州,65D,非营运,2.44,8月6日
本田,2019款 凌派 180Turbo CVT舒适版 国VI,2020年12月1日,6.6,白色,贵阳,65D,非营运,2.95,12月8日
本田,2019款 凌派 180Turbo CVT豪华版 国V,2020年10月1日,3.4,白色,银川,80B,非营运,4.11,8月15日
本田,2019款 凌派 180Turbo CVT豪华版 国VI,2020年9月1日,18.6,白色,郑州,65B,非营运,2.94,9月18日
本田,2019款 凌派 180Turbo CVT舒适版 国VI,2020年8月1日,15.6,白色,杭州,65D,非营运,2.23,8月18日
本田,2019款 凌派 180Turbo CVT舒适版 国VI,2020年6月1日,36.6,黑色,北京,35D,非营运,2.45,11月5日
本田,2019款 凌派 180Turbo CVT豪华版 国VI,2020年1月1日,6.2,白色,成都,65B,非营运,4.15,10月21日
本田,2019款 凌派 180Turbo CVT豪华版 国VI,2020年1月1日,22.6,白色,北京,50B,非营运,2.61,10月20日
本田,2019款 凌派 180Turbo CVT豪华版 国VI,2020年1月1日,22.6,白色,北京,50B,非营运,2.81,9月26日
本田,2019款 凌派 180Turbo CVT豪华版 国VI,2019年12月1日,4.7,白色,保定,65B,非营运,3.68,10月6日
本田,2019款 凌派 180Turbo CVT舒适版,2019年12月1日,7.4,白色,长沙,65D,非营运,2.52,8月22日
本田,2019款 凌派 180Turbo CVT豪华版 国VI,2019年12月1日,9.2,白色,北京,50D,非营运,1.92,9月5日
本田,2019款 凌派 180Turbo CVT豪华版 国VI,2019年12月1日,9.2,白色,北京,50D,非营运,2.12,9月2日
本田,2019款 凌派 180Turbo CVT豪华版 国VI,2019年9月1日,4.5,黑色,长沙,65B,非营运,3.45,12月2日
本田,2019款 凌派 180Turbo CVT领先版 国VI,2019年9月1日,5.3,白色,嘉兴,65D,非营运,3.06,9月23日
本田,2019款 凌派 180Turbo CVT舒适版 国VI,2019年8月1日,6.7,白色,郑州,65D,非营运,2.81,9月15日
本田,2019款 凌派 180Turbo CVT豪华版 国VI,2019年8月1日,11.6,白色,南充,65B,非营运,3.42,10月13日
本田,2019款 凌派 180Turbo CVT豪华版 国VI,2019年7月1日,5.9,白色,郑州,65D,非营运,3.05,10月18日
本田,2019款 凌派 180Turbo CVT领先版 国V,2019年2月1日,6.2,黑色,保定,65D,非营运,2.99,7月30日
本田,2019款 凌派 180Turbo CVT舒适版,2019年1月1日,5.4,白色,广州,65C,非营运,2.42,11月7日
本田,2019款 凌派 180Turbo CVT领先版 国V,2019年1月1日,8.6,黑色,驻马店,65B,非营运,3.48,12月2日
本田,2019款 凌派 180Turbo CVT舒适版,2019年1月1日,6.1,蓝色,北京,35D,非营运,3.03,8月16日
本田,2019款 凌派 180Turbo CVT旗舰版 国V,2019年1月1日,10.8,其他,商丘,65C,非营运,2.83,10月20日
本田,2019款 凌派 180Turbo CVT旗舰版 国V,2019年1月1日,10.8,黑色,商丘,65B,非营运,3.31,10月9日
本田,2019款 凌派 180Turbo CVT旗舰版 国V,2019年1月1日,10.8,黑色,商丘,65B,非营运,3.41,9月30日
本田,2019款 凌派 180Turbo CVT豪华版 国V,2018年12月1日,5.9,蓝色,西安,65B,非营运,3.32,12月4日
本田,2016款 凌派 1.8L CVT豪华版,2018年7月1日,11.8,黑色,洛阳,65D,非营运,2.75,12月12日
本田,2016款 凌派 1.8L CVT领先版,2018年1月1日,31.2,白色,北京,65D,预约出租转非,2.09,12月16日
本田,2016款 凌派 1.8L CVT领先版,2018年1月1日,31.2,白色,北京,65D,预约出租转非,2.09,12月10日
本田,2016款 凌派 1.8L 手动舒适版,2017年12月1日,8.5,白色,北京,50B,非营运,3.23,12月1日
本田,2016款 凌派 1.8L CVT豪华版,2017年11月1日,5.0,白色,重庆,65B,非营运,3.86,9月15日
本田,2016款 凌派 1.8L CVT豪华版,2017年9月1日,7.2,白色,安庆,65B,非营运,3.75,8月13日
本田,2016款 凌派 1.8L CVT舒适版,2017年8月1日,15.3,白色,武汉,65B,非营运,3.25,10月16日
本田,2016款 凌派 1.8L CVT豪华版,2017年8月1日,12.2,黑色,北京,35D,非营运,1.88,8月27日
本田,2016款 凌派 1.8L CVT豪华版,2017年3月1日,12.7,白色,北京,50D,非营运,2.39,9月10日
本田,2016款 凌派 1.8L CVT豪华版,2016年10月1日,10.4,白色,沈阳,65B,非营运,3.64,10月21日
本田,2016款 凌派 1.8L CVT舒适版,2016年7月1日,19.5,白色,银川,65D,非营运,1.71,7月17日
本田,2016款 凌派 1.8L CVT舒适版,2016年5月1日,10.3,黄色,贵阳,65B,非营运,3.17,7月22日
本田,2016款 凌派 1.8L CVT领先版,2016年5月1日,32.0,白色,北京,50D,非营运,2.41,10月16日
本田,2016款 凌派 1.8L CVT豪华版,2016年5月1日,9.3,黑色,武汉,65B,非营运,3.52,11月27日
本田,2016款 凌派 1.8L 手动豪华版,2016年2月1日,7.2,白色,长沙,65B,非营运,2.39,9月9日
本田,2015款 凌派 1.8L 自动舒适版,2015年10月1日,23.1,白色,沈阳,65C,非营运,2.0,12月2日
本田,2015款 凌派 1.8L 自动豪华版,2015年8月1日,15.0,白色,沈阳,65C,非营运,1.93,7月26日
本田,2015款 凌派 1.8L 自动豪华版,2015年8月1日,17.6,白色,长沙,65C,非营运,2.54,10月16日
本田,2015款 凌派 1.8L 手动豪华版,2015年4月1日,10.3,黑色,杭州,65C,非营运,1.97,11月25日
本田,2015款 凌派 1.8L 自动舒适版,2015年3月1日,13.9,黑色,平顶山,65D,非营运,2.73,8月8日
本田,2015款 凌派 1.8L 自动豪华版,2015年1月1日,24.4,黑色,周口,65D,非营运,1.76,8月3日
本田,2013款 凌派 1.8L 手动舒适版,2015年1月1日,14.0,红色,成都,65B,非营运,1.72,8月6日
本田,2013款 凌派 1.8L 自动豪华版,2015年1月1日,12.0,白色,西安,65D,非营运,2.59,12月20日
本田,2013款 凌派 1.8L 自动豪华版,2014年9月1日,13.8,白色,唐山,50D,非营运,2.58,9月24日
本田,2013款 凌派 1.8L 自动豪华版,2014年7月1日,6.5,黄色,南京,65B,非营运,2.68,12月1日
本田,2013款 凌派 1.8L 自动豪华版,2014年6月1日,17.1,黑色,北京,50D,非营运,2.12,10月14日
本田,2013款 凌派 1.8L 自动旗舰版,2014年5月1日,12.0,白色,邯郸,65D,非营运,2.01,7月10日
本田,2013款 凌派 1.8L 自动舒适版,2014年4月1日,11.3,灰色,郑州,65B,非营运,2.62,9月6日
本田,2013款 凌派 1.8L 自动旗舰版,2013年12月1日,9.2,棕色,北京,35D,非营运,2.18,8月21日
本田,2013款 凌派 1.8L 自动舒适版,2013年11月1日,11.3,白色,湘潭,65D,非营运,2.06,7月28日
丰田,2022款 汉兰达 2.0T 380T 四驱尊贵版 7座,2022年12月1日,0.6,黑色,保定,80B,非营运,19.32,12月10日
丰田,2022款 汉兰达 2.0T 380T 四驱尊贵版 7座,2022年12月1日,0.6,黑色,保定,80B,非营运,20.0,12月5日
丰田,2022款 汉兰达 双擎 2.5L 四驱尊贵版 7座,2022年12月1日,10.3,黑色,郑州,65B,非营运,18.13,8月8日
丰田,2022款 汉兰达 双擎 2.5L 四驱尊贵版 7座,2022年6月1日,3.8,黑色,渭南,80B,非营运,22.77,8月4日
丰田,2022款 汉兰达 双擎 2.5L 四驱至尊版 7座,2022年1月1日,2.9,黑色,北京,65B,非营运,23.21,10月16日
丰田,2022款 汉兰达 双擎 2.5L 四驱至尊版 7座,2021年9月1日,8.7,白色,临夏回族自治州,65C,非营运,17.34,10月29日
丰田,2021款 汉兰达 2.0T 四驱豪华版 7座,2021年4月1日,5.1,黑色,郑州,65C,非营运,13.0,9月9日
丰田,2021款 汉兰达 2.0T 四驱豪华版 7座,2021年4月1日,5.1,黑色,郑州,65B,非营运,13.63,6月30日
丰田,2018款 汉兰达 2.0T 两驱精英版 5座 国VI,2021年1月1日,4.5,白色,保定,65D,非营运,16.12,6月30日
丰田,2018款 汉兰达 2.0T 四驱豪华版 7座 国VI,2020年9月1日,7.1,黑色,郑州,65B,非营运,14.86,6月30日
丰田,2018款 汉兰达 2.0T 四驱尊贵版 7座 国VI,2020年8月1日,14.7,黑色,成都,65B,非营运,13.5,6月30日
丰田,2018款 汉兰达 2.0T 两驱豪华版 7座 国VI,2020年7月1日,6.8,黑色,杭州,65B,非营运,11.4,6月30日
丰田,2018款 汉兰达 2.0T 四驱精英版 7座 国VI,2020年5月1日,8.4,黑色,庆阳,65B,非营运,11.88,6月30日
丰田,2018款 汉兰达 2.0T 四驱豪华版 7座 国VI,2019年12月1日,5.4,白色,西安,65B,非营运,16.58,6月30日
丰田,2018款 汉兰达 2.0T 四驱豪华版 7座 国V,2019年9月1日,9.1,白色,武汉,65B,非营运,14.34,9月24日
丰田,2018款 汉兰达 2.0T 四驱至尊版 7座 国VI,2019年8月1日,14.1,黑色,安阳,65B,非营运,13.03,12月4日
丰田,2018款 汉兰达 2.0T 四驱至尊版 7座 国VI,2019年8月1日,5.3,灰色,南京,65B,非营运,14.43,10月12日
丰田,2018款 汉兰达 2.0T 四驱豪华版 7座 国V,2018年12月1日,10.4,黑色,北京,35D,非营运,12.83,9月13日
丰田,2018款 汉兰达 2.0T 四驱至尊版 7座 国V,2018年10月1日,20.7,黑色,信阳,65B,非营运,12.05,8月27日
丰田,2018款 汉兰达 2.0T 四驱精英版 7座 国V,2018年6月1日,11.5,黑色,信阳,65B,非营运,10.65,11月24日
丰田,2018款 汉兰达 2.0T 四驱精英版 7座 国V,2018年5月1日,10.2,黑色,北京,65B,非营运,10.76,8月7日
丰田,2017款 汉兰达 2.0T 四驱至尊版 7座,2018年2月1日,17.7,白色,北京,65B,非营运,10.14,10月10日
丰田,2017款 汉兰达 2.0T 四驱豪华版 7座,2017年9月1日,6.2,白色,郑州,65B,非营运,9.6,8月6日
丰田,2017款 汉兰达 2.0T 四驱至尊版 7座,2017年8月1日,12.7,黑色,北京,35D,非营运,7.8,8月9日
丰田,2015款 汉兰达 2.0T 四驱豪华版 7座,2017年5月1日,18.9,黑色,北京,65B,非营运,8.92,8月30日
丰田,2015款 汉兰达 2.0T 四驱豪华版 7座,2017年4月1日,14.3,白色,郑州,65B,非营运,9.85,12月23日
丰田,2015款 汉兰达 2.0T 四驱豪华版 7座,2017年3月1日,14.9,白色,北京,65B,非营运,10.58,9月24日
丰田,2015款 汉兰达 2.0T 四驱豪华版 7座,2017年3月1日,19.2,白色,北京,65B,非营运,9.47,10月12日
丰田,2015款 汉兰达 2.0T 四驱精英版 7座,2017年2月1日,27.5,黑色,郑州,50B,非营运,8.2,8月27日
丰田,2015款 汉兰达 2.0T 四驱豪华版 7座,2017年1月1日,8.4,白色,眉山,65B,非营运,8.5,8月18日
丰田,2015款 汉兰达 2.0T 四驱豪华版 7座,2017年1月1日,8.4,白色,眉山,65B,非营运,9.28,8月15日
丰田,2015款 汉兰达 2.0T 四驱豪华版 7座,2017年1月1日,8.4,白色,眉山,65B,非营运,9.01,8月13日
丰田,2015款 汉兰达 2.0T 四驱豪华版 7座,2016年11月1日,8.5,白色,三明,65B,非营运,10.36,7月24日
丰田,2015款 汉兰达 2.0T 四驱豪华版 7座,2016年7月1日,13.2,红色,北京,65D,非营运,8.42,10月19日
丰田,2015款 汉兰达 2.0T 四驱精英版 7座,2016年4月1日,12.5,黑色,台州,65B,非营运,7.8,8月7日
丰田,2015款 汉兰达 2.0T 四驱精英版 7座,2016年4月1日,12.5,黑色,台州,65B,非营运,8.18,8月2日
丰田,2015款 汉兰达 2.0T 四驱豪华版 7座,2016年3月1日,11.1,白色,北京,65B,非营运,9.62,10月30日
丰田,2015款 汉兰达 2.0T 四驱豪华版 7座,2016年3月1日,19.3,白色,西宁,65D,非营运,9.35,11月21日
丰田,2015款 汉兰达 2.0T 四驱至尊版 7座,2016年3月1日,15.4,白色,北京,65B,非营运,9.62,10月31日
丰田,2015款 汉兰达 2.0T 四驱豪华版 7座,2015年12月1日,20.5,白色,北京,50D,非营运,6.46,10月15日
丰田,2015款 汉兰达 2.0T 四驱精英版 7座,2015年10月1日,11.9,黑色,北京,50B,非营运,8.24,9月11日
丰田,2015款 汉兰达 2.0T 四驱豪华版 7座,2015年9月1日,29.8,白色,西安,65B,非营运,7.8,7月19日
丰田,2015款 汉兰达 2.0T 四驱豪华版 7座,2015年9月1日,20.2,白色,北京,50B,非营运,8.37,9月18日
丰田,2015款 汉兰达 2.0T 四驱至尊版 7座,2015年9月1日,6.2,黑色,北京,65D,非营运,7.84,9月2日
丰田,2015款 汉兰达 2.0T 四驱至尊版 7座,2015年9月1日,19.5,白色,南京,65B,非营运,8.63,12月1日
丰田,2015款 汉兰达 2.0T 四驱豪华版 7座,2015年5月1日,11.9,黑色,天津,65D,非营运,7.69,12月16日
丰田,2012款 汉兰达 2.7L 两驱7座豪华版,2015年2月1日,22.4,黑色,北京,50B,非营运,5.41,12月23日
丰田,2012款 汉兰达 2.7L 两驱7座豪华版,2015年2月1日,17.0,白色,济南,65B,非营运,6.75,9月3日
丰田,2012款 汉兰达 2.7L 两驱7座豪华版,2015年1月1日,12.3,白色,南京,65B,非营运,7.0,9月12日
丰田,2012款 汉兰达 2.7L 两驱7座豪华版,2014年9月1日,9.7,黑色,洛阳,50D,非营运,2.86,12月5日
丰田,2012款 汉兰达 2.7L 两驱7座至尊版,2014年11月1日,9.9,白色,北京,50B,非营运,6.34,10月12日
丰田,2012款 汉兰达 2.7L 两驱7座至尊版,2014年12月1日,12.5,黑色,北京,50B,非营运,6.03,9月17日
丰田,2012款 汉兰达 2.7L 两驱5座精英版,2014年7月1日,14.7,黑色,郑州,65B,非营运,3.67,12月23日
丰田,2012款 汉兰达 2.7L 两驱5座精英版,2014年7月1日,16.2,黑色,保定,65B,非营运,3.52,8月8日
丰田,2012款 汉兰达 2.7L 两驱5座精英版,2014年7月1日,16.2,黑色,保定,65B,非营运,3.62,8月4日
丰田,2012款 汉兰达 2.7L 两驱5座精英版,2014年7月1日,20.9,黑色,成都,65B,非营运,3.75,12月18日
丰田,2012款 汉兰达 2.7L 两驱7座豪华版,2014年7月1日,10.5,黑色,北京,65C,非营运,5.39,9月6日
丰田,2012款 汉兰达 2.7L 两驱7座豪华版,2014年4月1日,11.3,黑色,北京,50B,非营运,5.11,7月22日
丰田,2012款 汉兰达 2.7L 两驱5座精英版,2014年2月1日,27.2,白色,北京,35D,非营运,3.35,8月19日
丰田,2012款 汉兰达 2.7L 两驱7座豪华版,2014年1月1日,17.3,黑色,北京,50C,非营运,4.31,10月18日
丰田,2012款 汉兰达 2.7L 两驱7座精英版,2014年1月1日,29.6,黑色,济宁,65B,非营运,3.83,10月5日
丰田,2012款 汉兰达 2.7L 两驱5座运动版,2013年10月1日,21.7,白色,北京,50B,非营运,4.44,7月27日
丰田,2012款 汉兰达 2.7L 两驱7座豪华版,2013年9月1日,16.7,黑色,驻马店,65B,非营运,4.66,10月9日
丰田,2012款 汉兰达 2.7L 两驱7座豪华版,2013年7月1日,35.1,黑色,重庆,65B,非营运,4.24,10月9日
丰田,2012款 汉兰达 2.7L 两驱5座精英版,2013年7月1日,31.0,黑色,石家庄,65D,非营运,2.94,11月7日
丰田,2012款 汉兰达 2.7L 两驱7座精英版,2013年6月1日,14.5,白色,北京,65B,非营运,5.02,7月26日
丰田,2012款 汉兰达 3.5L 四驱7座豪华版,2013年4月1日,24.7,黑色,北京,50C,非营运,5.64,10月12日
丰田,2013款 汉兰达 2.7L 两驱7座紫金版,2013年7月1日,26.2,黑色,北京,50C,非营运,4.42,10月21日
丰田,2012款 汉兰达 2.7L 两驱5座精英版,2013年9月1日,11.8,白色,石家庄,65B,非营运,5.11,10月10日
丰田,2012款 汉兰达 2.7L 两驱7座豪华版,2013年9月1日,16.6,黑色,驻马店,65B,非营运,4.72,9月19日
丰田,2012款 汉兰达 2.7L 两驱7座豪华版,2013年2月1日,22.4,黑色,厦门,65B,非营运,4.8,7月10日
丰田,2012款 汉兰达 2.7L 两驱7座精英版,2013年1月1日,9.0,黑色,北京,50B,非营运,5.59,12月15日
丰田,2012款 汉兰达 2.7L 两驱7座豪华版,2012年11月1日,11.0,黑色,保定,65B,非营运,4.92,12月19日
丰田,2012款 汉兰达 2.7L 两驱5座运动版,2012年10月1日,15.4,黑色,北京,50C,非营运,3.39,7月31日
丰田,2012款 汉兰达 2.7L 两驱5座精英版,2012年4月1日,14.8,白色,北京,50B,非营运,3.75,11月11日
丰田,2011款 汉兰达 2.7L 两驱7座豪华版,2012年3月1日,9.9,黑色,北京,65D,非营运,3.98,8月20日
丰田,2011款 汉兰达 2.7L 两驱7座至尊版,2012年3月1日,19.6,白色,北京,65B,非营运,3.59,10月20日
丰田,2011款 汉兰达 2.7L 两驱7座豪华版,2011年10月1日,8.4,黑色,北京,65D,非营运,3.62,11月4日
丰田,2011款 汉兰达 2.7L 两驱7座豪华版,2011年10月1日,8.4,黑色,北京,65D,非营运,3.79,10月22日
丰田,2011款 汉兰达 2.7L 两驱7座豪华版,2011年10月1日,8.4,黑色,北京,65C,非营运,3.99,9月19日
丰田,2009款 汉兰达 3.5L 四驱7座豪华版,2011年8月1日,30.6,黑色,南京,65B,非营运,3.05,10月13日
丰田,2009款 汉兰达 3.5L 四驱7座精英版,2011年7月1日,25.4,白色,北京,35B,非营运,2.95,7月15日
丰田,2011款 汉兰达 2.7L 两驱7座豪华版,2011年6月1日,36.7,黑色,北京,35D,非营运,2.23,12月11日
丰田,2011款 汉兰达 2.7L 两驱7座豪华版,2011年5月1日,14.4,黑色,北京,35D,非营运,2.83,11月11日
丰田,2011款 汉兰达 2.7L 两驱7座精英版,2011年5月1日,6.1,灰色,北京,35B,非营运,4.36,12月13日
丰田,2009款 汉兰达 2.7L 两驱7座豪华版,2010年12月1日,25.2,灰色,北京,50B,非营运,2.64,8月2日
丰田,2009款 汉兰达 2.7L 两驱7座豪华版,2010年11月1日,28.9,白色,北京,50D,非营运,2.85,8月17日
丰田,2009款 汉兰达 2.7L 两驱7座豪华版,2010年11月1日,26.9,灰色,北京,35C,非营运,2.56,11月11日
丰田,2009款 汉兰达 2.7L 两驱7座豪华版,2010年11月1日,24.3,黑色,北京,50B,非营运,2.48,10月8日
丰田,2009款 汉兰达 2.7L 两驱7座精英版,2010年10月1日,18.5,黑色,北京,50B,非营运,2.32,9月24日
丰田,2009款 汉兰达 2.7L 两驱7座豪华版,2010年9月1日,16.5,白色,济南,65B,非营运,2.58,8月30日
丰田,2009款 汉兰达 2.7L 两驱5座精英版,2010年5月1日,7.1,黑色,北京,50D,非营运,3.31,8月15日
丰田,2009款 汉兰达 2.7L 两驱5座精英版,2010年5月1日,42.3,黑色,平顶山,65B,非营运,1.7,8月30日
丰田,2009款 汉兰达 2.7L 两驱7座豪华版,2010年4月1日,17.4,黑色,北京,35D,非营运,3.25,11月25日
丰田,2009款 汉兰达 3.5L 四驱7座豪华版,2010年2月1日,37.2,蓝色,北京,50B,非营运,1.66,8月31日
丰田,2009款 汉兰达 2.7L 两驱7座豪华版,2009年12月1日,22.5,黑色,杭州,65B,非营运,2.03,11月24日
丰田,2009款 汉兰达 2.7L 两驱7座豪华版,2009年12月1日,22.5,黑色,杭州,65B,非营运,2.07,11月22日
丰田,2009款 汉兰达 2.7L 两驱7座豪华版,2009年9月1日,11.3,灰色,北京,50B,非营运,2.73,8月29日
日产,2023款 轩逸 改款 1.6L CVT悦享版,2024年11月1日,1.5,白色,广州,95B,非营运,7.38,6月30日
日产,2023款 轩逸 1.6L CVT悦享版,2024年9月1日,1.6,白色,西安,80D,非营运,5.74,6月30日
日产,2023款 轩逸 1.6L CVT悦享版,2024年8月1日,1.6,白色,南昌,80B,非营运,7.1,6月30日
日产,2024款 轩逸 经典 1.6XV CVT尊享版,2024年4月1日,7.9,白色,北京,65B,非营运,5.4,6月30日
日产,2024款 轩逸 经典 1.6XE CVT舒适版,2024年1月1日,4.9,黑色,北京,80B,非营运,5.14,6月30日
日产,2022款 轩逸 电驱版e-POWER 超智联PLUS,2023年9月1日,9.9,白色,北京,50B,非营运,5.82,6月30日
日产,2022款 轩逸 经典 1.6XE CVT舒适版,2023年8月1日,12.9,白色,北京,65B,非营运,3.85,6月30日
日产,2022款 轩逸 电驱版e-POWER 超智联PLUS,2023年6月1日,14.2,黑色,北京,65B,非营运,5.62,7月31日
日产,2022款 轩逸 经典 1.6XE CVT舒适版,2023年5月1日,9.5,白色,重庆,65D,非营运,2.15,8月18日
日产,2022款 轩逸 经典 1.6XE CVT舒适版,2023年5月1日,9.5,白色,重庆,65D,非营运,2.71,8月7日
日产,2022款 轩逸 1.6L XL CVT悦享版 国VI,2023年5月1日,7.1,白色,北京,65B,非营运,6.31,9月8日
日产,2022款 轩逸 电驱版e-POWER 全电驱Pro,2023年4月1日,6.6,白色,北京,35D,非营运,5.39,10月18日
日产,2022款 轩逸 电驱版e-POWER 全电驱Pro,2023年4月1日,6.6,白色,北京,35D,非营运,5.39,10月14日
日产,2022款 轩逸 经典 1.6XL CVT豪华版,2023年4月1日,1.9,黑色,北京,80B,非营运,5.21,11月26日
日产,2022款 轩逸 经典 1.6XL CVT豪华版,2023年3月1日,3.2,白色,苏州,65D,非营运,4.08,8月19日
日产,2022款 轩逸 经典 1.6XE CVT舒适版,2023年3月1日,5.2,白色,北京,65B,非营运,4.33,7月20日
日产,2022款 轩逸 经典 1.6XE CVT舒适版,2023年3月1日,8.4,白色,北京,65B,非营运,4.22,8月7日
日产,2022款 轩逸 电驱版e-POWER 超智联PLUS,2023年3月1日,10.7,白色,北京,65B,非营运,6.61,9月2日
日产,2022款 轩逸 经典 1.6XE CVT舒适版,2023年1月1日,5.4,白色,自贡,80B,非营运,4.6,7月15日
日产,2022款 轩逸 经典 1.6XE CVT舒适版,2022年9月1日,4.1,白色,郑州,65D,非营运,3.33,7月12日
日产,2021款 轩逸 经典 1.6XE CVT舒适版 国VI,2022年9月1日,4.7,白色,商丘,80B,非营运,4.6,9月28日
日产,2022款 轩逸 电驱版e-POWER 全电驱Pro,2022年9月1日,25.0,白色,北京,65B,非营运,4.92,8月21日
日产,2022款 轩逸 电驱版e-POWER 全电驱Pro,2022年9月1日,13.5,黑色,北京,50D,非营运,3.71,8月4日
日产,2022款 轩逸 电驱版e-POWER 全电驱Pro,2022年9月1日,23.2,白色,北京,50B,非营运,4.44,8月1日
日产,2022款 轩逸 电驱版e-POWER 全电驱Pro,2022年9月1日,23.2,白色,北京,50B,非营运,4.72,7月25日
日产,2022款 轩逸 电驱版e-POWER 全电驱Pro,2022年8月1日,24.6,白色,北京,50D,非营运,3.87,9月23日
日产,2022款 轩逸 1.6L XL CVT悦享版 国VI,2022年8月1日,4.4,灰色,信阳,80B,非营运,5.67,8月1日
日产,2022款 轩逸 经典 1.6XL CVT豪华版,2022年7月1日,5.1,白色,平顶山,80A,非营运,5.17,7月10日
日产,2022款 轩逸 经典 1.6XE CVT舒适版,2022年3月1日,17.5,白色,北京,50B,非营运,3.64,6月30日
日产,2022款 轩逸 1.6L XL CVT悦享版 国VI,2021年12月1日,35.8,白色,北京,50D,非营运,3.8,6月30日
日产,2022款 轩逸 经典 1.6XL CVT豪华版,2021年10月1日,6.2,白色,北京,65D,非营运,3.04,6月30日
日产,2021款 轩逸 经典 1.6XE CVT舒适版 国VI,2021年8月1日,7.2,黑色,北京,50B,非营运,2.83,6月30日
日产,2021款 轩逸 经典 1.6XE CVT舒适版 国VI,2021年7月1日,8.3,白色,佛山,65D,非营运,2.95,6月30日
日产,2021款 轩逸 经典 1.6XL CVT豪华版 国VI,2021年7月1日,7.2,灰色,平顶山,65B,非营运,4.28,6月30日
日产,2021款 轩逸 1.6L XL CVT悦享版 国VI,2021年6月1日,6.8,白色,北京,35D,非营运,4.85,6月30日
日产,2021款 轩逸 1.6L XL CVT悦享版 国VI,2021年6月1日,4.8,白色,益阳,80B,非营运,5.85,6月30日
日产,2021款 轩逸 经典 1.6XE CVT舒适版 国VI,2021年5月1日,18.0,黑色,北京,65D,非营运,3.03,6月30日
日产,2021款 轩逸 1.6L XL CVT悦享版 国VI,2021年5月1日,35.6,白色,北京,50D,非营运,2.97,6月30日
日产,2021款 轩逸 经典 1.6XL CVT豪华版 国VI,2021年5月1日,38.0,白色,北京,50C,非营运,3.23,6月30日
日产,2021款 轩逸 1.6L XL CVT悦享版 国VI,2021年4月1日,18.1,白色,北京,65B,非营运,5.05,6月30日
日产,2021款 轩逸 1.6L XL CVT悦享版 国VI,2021年3月1日,10.3,红色,沈阳,65B,非营运,4.03,6月30日
日产,2021款 轩逸 经典 1.6XE CVT舒适版 国VI,2021年1月1日,12.0,棕色,郑州,60A,非营运,3.58,6月30日
日产,2021款 轩逸 经典 1.6XE CVT舒适版 国VI,2021年3月1日,38.6,白色,北京,50D,非营运,2.71,10月26日
日产,2021款 轩逸 1.6L XL CVT悦享版 国VI,2021年3月1日,37.8,棕色,北京,50D,非营运,2.94,10月15日
日产,2021款 轩逸 1.6L XL CVT悦享版 国VI,2021年3月1日,11.4,白色,北京,50C,非营运,4.22,8月31日
日产,2021款 轩逸 经典 1.6XL CVT豪华版 国VI,2021年3月1日,3.6,白色,佛山,65C,非营运,4.04,12月4日
日产,2021款 轩逸 1.6L XL CVT悦享版 国VI,2021年2月1日,6.9,白色,乌鲁木齐,65B,非营运,5.71,9月19日
日产,2021款 轩逸 经典 1.6XE CVT舒适版 国VI,2021年2月1日,4.0,白色,保定,65B,非营运,4.66,12月22日
日产,2021款 轩逸 1.6L XL CVT悦享版 国VI,2021年1月1日,4.1,白色,西安,80B,非营运,5.69,11月18日
日产,2021款 轩逸 经典 1.6XE CVT舒适版 国VI,2021年1月1日,18.4,白色,北京,65C,非营运,3.13,10月30日
日产,2021款 轩逸 经典 1.6XE CVT舒适版 国VI,2021年1月1日,8.6,白色,开封,65D,非营运,2.97,9月26日
日产,2021款 轩逸 经典 1.6XE CVT舒适版 国VI,2021年1月1日,6.8,棕色,北京,50D,非营运,2.1,8月27日
日产,2021款 轩逸 经典 1.6XL CVT豪华版 国VI,2021年1月1日,7.9,黑色,北京,50B,非营运,3.01,7月12日
日产,2021款 轩逸 经典 1.6XL CVT豪华版 国VI,2021年1月1日,7.9,黑色,北京,50B,非营运,3.1,7月10日
日产,2021款 轩逸 经典 1.6XE CVT舒适版 国VI,2020年12月1日,7.6,黑色,北京,65B,非营运,4.06,9月17日
日产,2021款 轩逸 1.6L XL CVT悦享版 国VI,2020年12月1日,7.4,白色,北京,50D,非营运,2.77,9月21日
日产,2021款 轩逸 1.6L XL CVT悦享版 国VI,2020年12月1日,15.8,白色,北京,65B,非营运,4.39,10月27日
日产,2020款 轩逸 改款 1.6L XE CVT舒享版,2020年11月1日,6.8,白色,安阳,65B,非营运,4.4,8月27日
日产,2021款 轩逸 经典 1.6XE CVT舒适版 国VI,2020年11月1日,6.5,灰色,武汉,65D,非营运,3.15,12月5日
日产,2021款 轩逸 经典 1.6XE CVT舒适版 国VI,2020年11月1日,6.7,灰色,武汉,65D,非营运,2.55,11月19日
日产,2021款 轩逸 经典 1.6XE CVT舒适版 国VI,2020年11月1日,6.2,灰色,武汉,65D,非营运,3.09,11月17日
日产,2021款 轩逸 经典 1.6XL CVT豪华版 国VI,2020年10月1日,19.0,黑色,北京,50D,非营运,2.7,9月12日
日产,2019款 轩逸 经典 1.6XL CVT豪华版 国VI,2020年10月1日,4.3,白色,保定,65B,非营运,4.2,12月9日
日产,2020款 轩逸 改款 1.6L XL CVT智享版,2020年10月1日,24.0,白色,北京,50B,非营运,4.0,10月27日
日产,2021款 轩逸 经典 1.6XE CVT舒适版 国VI,2020年10月1日,5.8,灰色,武汉,65D,非营运,3.15,11月17日
日产,2021款 轩逸 经典 1.6XE CVT舒适版 国VI,2020年10月1日,7.7,灰色,武汉,65B,非营运,3.09,9月18日
日产,2021款 轩逸 经典 1.6XE CVT舒适版 国VI,2020年10月1日,9.9,其他,武汉,65D,非营运,2.32,8月18日
日产,2021款 轩逸 经典 1.6XE CVT舒适版 国VI,2020年9月1日,6.1,白色,保定,65B,非营运,4.4,9月15日
日产,2021款 轩逸 经典 1.6XE CVT舒适版 国VI,2020年9月1日,14.3,白色,北京,50D,非营运,3.11,10月11日
日产,2021款 轩逸 经典 1.6XE CVT舒适版 国VI,2020年9月1日,9.9,灰色,武汉,65D,非营运,3.15,12月5日
日产,2021款 轩逸 经典 1.6XE CVT舒适版 国VI,2020年9月1日,17.0,白色,北京,50B,非营运,3.07,9月28日
日产,2021款 轩逸 经典 1.6XE CVT舒适版 国VI,2020年9月1日,17.0,白色,北京,50B,非营运,3.07,9月19日
日产,2021款 轩逸 1.6L XL CVT悦享版 国VI,2020年9月1日,6.5,白色,濮阳,65D,非营运,3.79,8月21日
日产,2021款 轩逸 经典 1.6XE CVT舒适版 国VI,2020年9月1日,9.6,灰色,武汉,65D,非营运,2.72,11月17日
日产,2020款 轩逸 经典 1.6XL CVT豪华版 国VI,2020年9月1日,2.8,黑色,北京,65D,非营运,4.16,6月30日
日产,2021款 轩逸 经典 1.6XL CVT豪华版 国VI,2020年9月1日,15.9,白色,北京,35B,非营运,3.31,8月18日
日产,2021款 轩逸 1.6L XL CVT悦享版 国VI,2020年8月1日,7.5,黑色,邢台,65B,非营运,4.89,8月4日
日产,2019款 轩逸 经典 1.6XL CVT豪华版 国VI,2020年8月1日,26.0,白色,北京,50B,非营运,3.25,8月28日
日产,2020款 轩逸 改款 1.6L XL CVT悦享版 国VI,2020年8月1日,3.0,白色,郑州,65D,非营运,3.62,9月8日
日产,2019款 轩逸 经典 1.6XL CVT豪华版 国VI,2020年6月1日,31.5,白色,成都,65B,营运,1.95,10月10日
日产,2019款 轩逸 经典 1.6XE CVT舒适版 国VI,2020年6月1日,31.1,棕色,北京,50B,非营运,2.72,8月4日
日产,2019款 轩逸 经典 1.6XE CVT舒适版 国VI,2020年6月1日,12.1,白色,北京,50B,非营运,4.66,6月30日
日产,2019款 轩逸 经典 1.6XE CVT舒适版 国VI,2020年5月1日,12.5,白色,郑州,65D,非营运,2.75,6月30日
日产,2020款 轩逸 1.6L XL CVT悦享版 国VI,2020年5月1日,4.0,白色,邯郸,65B,非营运,5.1,6月30日
日产,2019款 轩逸 经典 1.6XE CVT舒适版 国VI,2020年4月1日,8.7,黑色,北京,65D,非营运,2.6,6月30日
日产,2019款 轩逸 经典 1.6XL CVT豪华版 国VI,2020年3月1日,7.8,白色,南阳,65B,非营运,4.19,6月30日
日产,2019款 轩逸 经典 1.6XE CVT舒适版 国VI,2020年3月1日,7.4,黑色,杭州,65B,非营运,3.85,6月30日
日产,2019款 轩逸 经典 1.6XL CVT豪华版 国VI,2020年1月1日,5.5,灰色,郑州,65B,非营运,3.61,6月30日
日产,2020款 轩逸 1.6L XL CVT悦享版 国VI,2020年1月1日,9.5,白色,武汉,65B,非营运,5.07,7月30日
日产,2019款 轩逸 经典 1.6XE CVT舒适版 国VI,2020年1月1日,15.6,黑色,北京,50D,非营运,5.1,11月8日
日产,2019款 轩逸 经典 1.6XL CVT豪华版 国VI,2019年12月1日,34.0,白色,北京,50B,非营运,2.96,11月8日
日产,2019款 轩逸 经典 1.6XL CVT豪华版 国VI,2019年10月1日,5.3,白色,西安,65B,非营运,3.8,11月26日
日产,2019款 轩逸 经典 1.6XE CVT舒适版 国VI,2019年10月1日,11.5,黑色,北京,50D,非营运,2.19,7月22日
日产,2019款 轩逸 1.6XV CVT智联尊享版 国VI,2019年11月1日,13.1,黑色,北京,50D,非营运,2.0,11月5日
日产,2019款 轩逸 1.6XV CVT智联尊享版 国VI,2019年8月1日,42.6,白色,北京,50D,非营运,2.55,7月23日
日产,2019款 轩逸 经典 1.6XE+ CVT智联领先版,2019年8月1日,23.7,灰色,北京,65C,非营运,0.98,7月15日
日产,2018款 轩逸 经典 1.6XE 手动舒适版,2019年6月1日,13.6,黑色,青岛,65B,非营运,2.14,8月19日
日产,2019款 轩逸 经典 1.6XE CVT舒适版 国VI,2019年7月1日,3.4,黑色,萍乡,65D,非营运,2.63,7月11日
日产,2019款 轩逸 1.6XV CVT智联尊享版 国V,2019年8月1日,24.8,白色,广安,65D,非营运,3.05,8月22日
日产,2019款 轩逸 1.6XV CVT智联尊享版 国VI,2019年5月1日,7.6,白色,保定,65D,非营运,3.0,7月21日
日产,2019款 轩逸 1.6XV CVT智联尊享版 国VI,2019年5月1日,5.5,白色,北京,65C,非营运,4.11,7月12日
日产,2019款 轩逸 1.6XV CVT智联尊享版 国VI,2019年5月1日,5.5,白色,北京,65B,非营运,4.28,7月10日
日产,2019款 轩逸 1.6XV CVT智联尊享版 国V,2019年4月1日,24.0,白色,北京,50B,非营运,3.4,10月24日
日产,2016款 轩逸 1.6XL CVT豪华版 国V,2019年3月1日,17.3,黑色,长沙,50D,预约出租转非,1.77,12月9日
日产,2018款 轩逸 1.6XE CVT舒适版,2019年3月1日,23.4,黑色,长沙,65B,预约出租转非,1.94,10月24日
日产,2019款 轩逸 1.6XV CVT智联尊享版 国V,2019年3月1日,5.2,白色,南京,65B,非营运,4.07,7月26日
日产,2019款 轩逸 1.6XV CVT智联尊享版 国VI,2019年1月1日,9.0,白色,商丘,65C,非营运,3.4,8月27日
日产,2019款 轩逸 1.6XV CVT智联尊享版 国VI,2019年1月1日,5.4,白色,邯郸,65B,非营运,4.06,9月13日
日产,2019款 轩逸 经典 1.6XE+ CVT智联领先版,2019年1月1日,7.6,黄色,株洲,65B,非营运,2.9,8月6日
日产,2019款 轩逸 经典 1.6XE+ CVT智联领先版,2019年1月1日,7.6,黄色,株洲,65B,非营运,2.85,8月7日
日产,2019款 轩逸 经典 1.6XE+ CVT智联领先版,2019年1月1日,7.6,黄色,株洲,65B,非营运,2.03,12月3日
日产,2019款 轩逸 1.6XV CVT智联尊享版 国V,2019年1月1日,8.8,白色,沧州,65B,预约出租转非,4.32,6月30日
日产,2019款 轩逸 1.6XV CVT智联尊享版 国V,2019年3月1日,3.5,白色,嘉兴,65B,非营运,4.32,8月8日
日产,2019款 轩逸 1.6XV CVT智联尊享版 国V,2019年3月1日,15.0,黑色,郑州,65B,非营运,2.68,8月23日
日产,2019款 轩逸 1.6XV CVT智联尊享版 国V,2019年1月1日,10.6,白色,郑州,65D,非营运,2.74,12月6日
日产,2019款 轩逸 1.6XV CVT智联尊享版 国VI,2018年12月1日,3.4,白色,天津,65B,非营运,4.47,12月17日
日产,2019款 轩逸 经典 1.6XE+ CVT智联领先版,2018年12月1日,14.8,白色,郑州,65D,非营运,2.25,11月6日
日产,2019款 轩逸 1.6XV CVT智联尊享版 国VI,2018年11月1日,7.4,白色,石家庄,65B,非营运,3.66,7月31日
日产,2019款 轩逸 1.6XV CVT智联尊享版 国VI,2018年11月1日,37.1,白色,北京,35B,非营运,2.64,7月21日
日产,2019款 轩逸 1.6XV CVT智联尊享版 国V,2018年10月1日,9.3,白色,益阳,65B,非营运,3.52,8月16日
日产,2018款 轩逸 1.6XV CVT尊享版,2018年10月1日,33.6,白色,北京,35D,非营运,1.89,7月17日
日产,2018款 轩逸 经典 1.6XE+ CVT豪华版,2018年10月1日,18.8,黑色,北京,35D,非营运,1.53,8月26日
日产,2019款 轩逸 经典 1.6XE+ 手动智联领先版,2018年10月1日,5.0,黑色,保定,65D,非营运,2.54,12月19日
日产,2018款 轩逸 1.6XV CVT尊享版,2018年9月1日,21.4,白色,宜宾,65C,非营运,2.48,8月30日
日产,2016款 轩逸 1.6XL CVT豪华版 国V,2018年9月1日,5.0,黑色,郑州,65B,非营运,3.61,7月22日
日产,2018款 轩逸 1.6XV CVT尊享版,2018年8月1日,8.6,白色,长沙,65B,非营运,3.62,8月31日
日产,2018款 轩逸 经典 1.6XE+ 手动领先版,2018年8月1日,12.5,白色,临沂,65B,非营运,2.56,11月17日
日产,2018款 轩逸 经典 1.6XE+ CVT领先版,2018年8月1日,7.4,黄色,长沙,65B,非营运,3.12,12月9日
日产,2018款 轩逸 1.0XV CVT尊享版,2018年8月1日,15.3,白色,长沙,65B,非营运,3.4,8月5日
日产,2018款 轩逸 经典 1.6XE+ 手动领先版,2018年8月1日,7.2,黑色,济南,65C,非营运,2.07,8月25日
日产,2018款 轩逸 经典 1.6XE CVT舒适版,2018年8月1日,30.7,黄色,上海,65D,营转非,0.61,9月9日
日产,2018款 轩逸 1.6XV CVT尊享版,2018年7月1日,9.3,白色,金华,65B,非营运,3.31,7月15日
日产,2018款 轩逸 1.6XV CVT尊享版,2018年7月1日,4.7,白色,武汉,65B,非营运,3.77,12月8日
日产,2018款 轩逸 1.6XV CVT尊享版,2018年7月1日,7.6,白色,驻马店,65D,非营运,3.59,10月10日
日产,2018款 轩逸 1.6XV CVT尊享版,2018年6月1日,10.4,白色,成都,65D,非营运,2.38,10月28日
日产,2018款 轩逸 1.6XV+ CVT智尊版,2018年5月1日,45.4,黑色,北京,65D,非营运,1.6,11月19日
日产,2018款 轩逸 1.6XV CVT尊享版,2018年5月1日,6.0,白色,邢台,65D,非营运,2.41,11月28日
日产,2018款 轩逸 1.6XV CVT尊享版,2018年5月1日,9.0,白色,厦门,65B,非营运,3.68,11月6日
日产,2018款 轩逸 1.6XV CVT尊享版,2018年5月1日,23.8,黑色,杭州,65D,预约出租转非,2.31,9月9日
日产,2018款 轩逸 1.6XV CVT尊享版,2018年4月1日,13.1,白色,宜宾,65B,非营运,3.8,10月11日
日产,2018款 轩逸 1.6XV CVT尊享版,2018年3月1日,27.6,白色,北京,50D,非营运,3.17,12月10日
日产,2018款 轩逸 1.6XV CVT尊享版,2018年3月1日,9.2,白色,北京,50D,非营运,2.52,8月25日
日产,2016款 轩逸 经典 1.6XE 手动领先版,2018年2月1日,7.7,灰色,长沙,65B,非营运,1.98,10月24日
日产,2016款 轩逸 经典 1.6XE 手动领先版,2018年2月1日,5.7,黄色,天津,65B,非营运,2.65,12月4日
日产,2016款 轩逸 1.6XL CVT豪华版 国V,2018年1月1日,19.9,白色,北京,50D,非营运,2.11,8月31日
日产,2016款 轩逸 1.6XL CVT豪华版 国V,2018年1月1日,22.3,黑色,临沂,65B,预约出租转非,2.23,12月13日
日产,2016款 轩逸 1.6XL CVT尊享版,2018年1月1日,40.0,白色,北京,35D,非营运,1.75,8月4日
日产,2016款 轩逸 1.6XL CVT豪华版 国V,2018年1月1日,30.6,棕色,北京,35D,非营运,2.23,11月6日
日产,2016款 轩逸 经典 1.6XE 手动领先版,2018年1月1日,9.9,黑色,郑州,65D,非营运,1.31,11月25日
日产,2016款 轩逸 1.6XL CVT尊享版,2018年1月1日,13.2,白色,北京,50D,非营运,2.45,9月27日
日产,2016款 轩逸 1.6XL CVT尊享版,2018年1月1日,25.5,白色,北京,65D,非营运,2.36,12月19日
日产,2016款 轩逸 1.6XL CVT豪华版 国V,2018年1月1日,6.9,白色,北京,65B,非营运,3.31,11月17日
日产,2016款 轩逸 经典 1.6XE 手动领先版,2018年1月1日,51.8,灰色,北京,35D,非营运,1.28,9月23日
日产,2016款 轩逸 1.6XL CVT尊享版,2017年12月1日,6.5,白色,长沙,65B,非营运,3.3,7月29日
日产,2016款 轩逸 1.6XL CVT豪华版 国V,2017年12月1日,9.2,白色,郑州,50D,非营运,2.61,12月11日
日产,2016款 轩逸 1.6XL CVT豪华版 国V,2017年12月1日,11.1,白色,重庆,65B,非营运,3.34,7月27日
日产,2016款 轩逸 1.6XL CVT豪华版 国V,2017年12月1日,11.1,白色,重庆,65B,非营运,3.37,7月22日
日产,2016款 轩逸 1.6XL CVT豪华版 国V,2017年11月1日,5.4,白色,平顶山,65B,非营运,3.72,11月7日
日产,2016款 轩逸 经典 1.6XE 自动领先版,2017年11月1日,60.1,白色,北京,35D,非营运,1.25,11月21日
日产,2016款 轩逸 1.6XL CVT豪华版 国V,2017年11月1日,17.2,白色,北京,65D,非营运,2.28,8月25日
日产,2016款 轩逸 1.6XL CVT豪华版 国V,2017年11月1日,18.3,白色,郑州,65D,预约出租转非,1.62,8月29日
日产,2016款 轩逸 1.6XL CVT豪华版 国V,2017年11月1日,14.4,白色,成都,65B,非营运,2.32,11月14日
日产,2016款 轩逸 1.6XL CVT豪华版 国V,2017年11月1日,14.4,白色,成都,65B,非营运,2.52,11月13日
日产,2016款 轩逸 1.6XL CVT豪华版 国V,2017年10月1日,8.4,黑色,天津,65D,非营运,2.91,9月29日
日产,2016款 轩逸 1.6XL CVT豪华版 国V,2017年10月1日,8.4,黑色,天津,65B,非营运,2.81,8月22日
日产,2016款 轩逸 1.6XL CVT豪华版 国V,2017年10月1日,8.4,黑色,天津,65B,非营运,2.98,8月18日
日产,2016款 轩逸 1.6XL 手动豪华版,2017年9月1日,18.0,白色,台州,65B,非营运,1.95,10月11日
日产,2016款 轩逸 经典 1.6XE 自动领先版,2017年9月1日,57.7,灰色,北京,35D,非营运,1.48,7月12日
日产,2016款 轩逸 经典 1.6XE 自动领先版,2017年8月1日,8.7,黄色,郑州,65B,非营运,2.66,8月12日
日产,2016款 轩逸 1.6XL CVT豪华版 国V,2017年8月1日,10.3,白色,商丘,65B,非营运,3.58,10月30日
日产,2016款 轩逸 经典 1.6XE 手动领先版,2017年8月1日,10.9,灰色,长沙,50D,非营运,1.12,11月29日
日产,2016款 轩逸 经典 1.6XE 自动领先版,2017年8月1日,4.8,白色,南阳,65B,非营运,2.85,8月30日
日产,2016款 轩逸 经典 1.6XE 自动领先版,2017年8月1日,9.2,黄色,信阳,65D,非营运,1.75,8月12日
日产,2016款 轩逸 1.6XL CVT豪华版 国V,2017年7月1日,9.8,白色,郑州,50D,非营运,2.4,11月21日
日产,2016款 轩逸 1.6XL CVT豪华版 国V,2017年7月1日,32.7,灰色,北京,50B,非营运,2.62,8月1日
日产,2016款 轩逸 1.6XL CVT尊享版,2017年7月1日,7.4,黑色,金华,65D,非营运,2.12,7月16日
日产,2016款 轩逸 1.6XV CVT智享版,2017年6月1日,11.5,白色,北京,65D,非营运,3.19,8月11日
日产,2016款 轩逸 1.6XL CVT豪华版 国V,2017年5月1日,16.9,白色,天津,65B,非营运,2.46,8月18日
日产,2016款 轩逸 1.6XL CVT尊享版,2017年5月1日,7.2,白色,驻马店,65D,非营运,2.26,9月20日
日产,2016款 轩逸 1.6XL CVT豪华版 国V,2017年5月1日,11.3,黑色,长沙,65B,非营运,2.9,12月9日
日产,2016款 轩逸 1.6XL CVT豪华版 国V,2017年3月1日,20.9,白色,北京,50D,非营运,2.66,12月23日
日产,2016款 轩逸 1.6XL CVT豪华版 国V,2017年3月1日,9.9,白色,北京,50D,非营运,2.53,10月10日
日产,2016款 轩逸 1.6XL CVT尊享版,2017年3月1日,10.9,白色,达州,65B,非营运,3.32,10月31日
日产,2016款 轩逸 1.6XL CVT尊享版,2017年2月1日,19.2,白色,西安,65B,非营运,2.79,8月29日
日产,2016款 轩逸 1.6XL CVT尊享版,2017年1月1日,17.3,白色,商丘,65B,非营运,2.91,8月22日
日产,2016款 轩逸 1.6XL CVT豪华版 国V,2017年1月1日,9.1,白色,南京,65D,非营运,2.82,8月11日
日产,2016款 轩逸 经典 1.6XE 手动领先版,2017年1月1日,4.9,灰色,安阳,65B,非营运,2.3,8月8日
日产,2016款 轩逸 经典 1.6XE 手动领先版,2017年1月1日,15.0,棕色,唐山,65B,非营运,2.04,12月8日
日产,2016款 轩逸 1.6XL CVT尊享版,2016年12月1日,6.9,白色,成都,65B,非营运,3.3,9月28日
日产,2016款 轩逸 1.6XL CVT豪华版 国V,2016年12月1日,8.4,黑色,北京,65B,非营运,3.26,11月18日
日产,2012款 轩逸 经典 1.6XE 手动舒适版,2016年12月1日,20.6,棕色,唐山,65B,非营运,1.5,12月8日
日产,2012款 轩逸 经典 1.6XE 手动舒适版,2016年11月1日,5.9,黑色,南阳,65B,非营运,1.7,8月23日
日产,2016款 轩逸 经典 1.6XE 手动舒适版,2016年11月1日,11.6,黑色,临沂,65B,非营运,1.7,7月12日
日产,2016款 轩逸 经典 1.6XE 手动舒适版,2016年11月1日,9.5,黄色,保定,65B,非营运,1.7,10月13日
日产,2016款 轩逸 1.6XL CVT尊享版,2016年11月1日,8.7,白色,福州,65B,非营运,2.9,10月9日
日产,2016款 轩逸 经典 1.6XE 手动领先版,2016年11月1日,12.3,白色,临沂,65B,非营运,1.81,9月19日
日产,2016款 轩逸 1.6XL CVT豪华版 国V,2016年10月1日,12.1,白色,台州,65B,非营运,2.81,9月2日
日产,2012款 轩逸 经典 1.6XE 手动舒适版,2016年9月1日,13.8,灰色,北京,65B,非营运,1.85,7月26日
日产,2012款 轩逸 经典 1.6XE 手动舒适版,2016年8月1日,11.6,灰色,北京,65B,非营运,1.71,7月15日
日产,2012款 轩逸 经典 1.6XE 手动舒适版,2016年7月1日,6.3,灰色,北京,65D,非营运,1.93,12月8日
日产,2012款 轩逸 经典 1.6XE 手动舒适版,2016年7月1日,10.5,黄色,长沙,65D,非营运,1.57,7月28日
日产,2016款 轩逸 1.6XL CVT豪华版 国V,2016年7月1日,15.5,白色,广州,65B,非营运,2.93,10月16日
日产,2012款 轩逸 经典 1.6XE 自动舒适版,2016年7月1日,9.0,灰色,天津,65B,非营运,2.39,7月17日
日产,2012款 轩逸 经典 1.6XE 自动舒适版,2016年7月1日,13.3,黑色,北京,50B,非营运,1.23,7月29日
日产,2016款 轩逸 1.6XL 手动豪华版,2016年6月1日,35.0,白色,成都,50D,非营运,1.18,9月29日
日产,2016款 轩逸 1.6XL CVT豪华版 国V,2016年6月1日,12.6,白色,驻马店,65B,非营运,2.2,9月25日
日产,2014款 轩逸 1.6XV CVT尊享版,2016年4月1日,11.7,白色,济南,65B,非营运,2.82,12月11日
日产,2016款 轩逸 1.6XL CVT豪华版 国V,2016年4月1日,11.7,黑色,北京,35D,非营运,3.09,8月23日
日产,2016款 轩逸 1.6XL CVT尊享版,2016年4月1日,21.2,黑色,西安,65B,非营运,2.75,8月16日
日产,2012款 轩逸 经典 1.6XE 手动舒适版,2016年4月1日,9.7,黑色,湘潭,65D,非营运,2.33,8月12日
日产,2012款 轩逸 经典 1.6XF 手动舒适版,2016年4月1日,13.5,灰色,北京,65B,非营运,1.32,10月27日
日产,2012款 轩逸 1.6XE CVT舒适版,2016年2月1日,29.8,灰色,东莞,65B,非营运,1.71,11月30日
日产,2014款 轩逸 1.6XV CVT尊享版,2016年1月1日,4.0,黑色,杭州,65C,非营运,2.81,10月22日
日产,2012款 轩逸 1.6XL 手动豪华版,2016年1月1日,6.5,白色,成都,65B,非营运,2.04,10月18日
日产,2012款 轩逸 经典 1.6XE 手动舒适版,2016年1月1日,6.8,灰色,长沙,65B,非营运,1.64,8月12日
日产,2014款 轩逸 1.6XV CVT尊享版,2016年1月1日,19.1,灰色,北京,50B,非营运,2.25,12月7日
日产,2012款 轩逸 1.6XL 手动豪华版,2016年1月1日,22.7,黑色,唐山,65D,非营运,1.58,11月13日
日产,2014款 轩逸 1.6XV CVT尊享版,2015年12月1日,15.8,黄色,益阳,65D,非营运,1.65,8月19日
日产,2014款 轩逸 1.6XV CVT尊享版,2015年12月1日,19.1,黑色,北京,50D,非营运,1.75,8月16日
日产,2012款 轩逸 经典 1.6XE 自动舒适版,2015年12月1日,18.1,黑色,渭南,65B,非营运,1.95,9月25日
日产,2012款 轩逸 1.6XL 手动豪华版,2015年12月1日,18.1,白色,成都,65D,非营运,1.68,7月28日
日产,2012款 轩逸 经典 1.6XE 自动舒适版,2015年12月1日,7.2,黄色,保定,65C,非营运,1.62,9月2日
日产,2012款 轩逸 1.6XL CVT豪华版,2015年11月1日,5.8,黄色,保定,65B,非营运,2.54,9月12日
日产,2012款 轩逸 1.6XL 手动豪华版,2015年9月1日,8.2,黑色,北京,50B,非营运,1.92,8月5日
日产,2012款 轩逸 1.6XL 手动豪华版,2015年8月1日,11.1,黑色,长沙,65B,非营运,1.59,10月24日
日产,2012款 轩逸 1.6XE 手动舒适版,2015年7月1日,9.5,棕色,驻马店,65B,非营运,1.67,8月18日
日产,2014款 轩逸 1.6XV CVT尊享版,2015年7月1日,8.2,白色,济南,65C,非营运,2.65,7月18日
日产,2014款 轩逸 1.6XV CVT尊享版,2015年7月1日,10.7,黑色,株洲,65B,非营运,2.42,11月21日
日产,2014款 轩逸 1.6XV CVT尊享版,2015年7月1日,14.6,白色,重庆,65C,非营运,1.75,8月21日
日产,2012款 轩逸 经典 1.6XL 手动豪华版,2015年7月1日,11.3,白色,攀枝花,65C,非营运,1.93,11月15日
日产,2012款 轩逸 经典 1.6XE 手动舒适版,2015年6月1日,3.9,白色,常德,65B,非营运,1.06,9月8日
日产,2014款 轩逸 1.6XV CVT尊享版,2015年5月1日,15.7,白色,北京,50B,非营运,1.86,8月1日
日产,2014款 轩逸 1.6XV CVT尊享版,2015年5月1日,5.6,白色,郑州,65D,非营运,2.83,10月22日
日产,2014款 轩逸 1.6XV CVT尊享版,2015年4月1日,20.7,黑色,郑州,50D,非营运,1.79,10月14日
日产,2014款 轩逸 1.6XV CVT尊享版,1905年7月6日,12.0,白色,郑州,65D,非营运,1.94,11月23日
日产,2012款 轩逸 经典 1.6XE 手动舒适版,2015年4月1日,8.5,黑色,台州,65B,非营运,1.74,9月17日
日产,2012款 轩逸 经典 1.6XE 手动舒适版,2015年4月1日,16.6,白色,北京,65B,非营运,1.94,8月1日
日产,2012款 轩逸 经典 1.6XE 手动舒适版,2015年3月1日,3.3,黑色,安阳,65B,非营运,2.03,7月24日
日产,2012款 轩逸 经典 1.6XE 手动舒适版,2015年3月1日,20.2,黄色,自贡,65B,非营运,1.18,12月19日
日产,2012款 轩逸 1.6XL 手动豪华版,2015年2月1日,15.5,灰色,长沙,65B,非营运,1.46,7月13日
日产,2012款 轩逸 经典 1.6XE 手动舒适版,2015年2月1日,15.1,黑色,成都,65C,非营运,1.0,10月23日
日产,2014款 轩逸 1.6XV CVT尊享版,2015年1月1日,13.0,黑色,保定,65D,非营运,3.3,9月19日
日产,2012款 轩逸 经典 1.6XE 手动舒适版,2015年1月1日,12.6,黑色,郑州,65D,非营运,1.09,10月30日
日产,2012款 轩逸 1.6XL CVT豪华版,2015年1月1日,10.5,白色,北京,65D,非营运,2.28,12月16日
日产,2012款 轩逸 经典 1.6XE 自动舒适版,2015年1月1日,20.0,黄色,北京,50D,非营运,1.26,9月30日
日产,2014款 轩逸 1.6XV CVT尊享版,2014年12月1日,17.0,黑色,武汉,65B,非营运,1.89,7月22日
日产,2012款 轩逸 经典 1.6XE 手动舒适版,2014年11月1日,23.6,黑色,北京,35D,非营运,0.76,9月27日
日产,2014款 轩逸 1.6XV CVT尊享版,2014年11月1日,10.7,白色,开封,65D,非营运,2.02,9月25日
日产,2012款 轩逸 经典 1.6XL 手动豪华版,2014年11月1日,7.3,黄色,保定,50D,非营运,0.6,9月1日
日产,2012款 轩逸 经典 1.6XL 手动豪华版,2014年11月1日,14.9,灰色,长沙,65B,非营运,1.38,8月1日
日产,2012款 轩逸 经典 1.6XE 手动舒适版,2014年10月1日,6.3,黄色,临沂,65B,非营运,1.45,8月9日
日产,2014款 轩逸 1.6XV CVT尊享版,2014年9月1日,7.9,灰色,北京,65D,非营运,2.16,7月21日
日产,2012款 轩逸 经典 1.6XE 手动舒适版,2014年9月1日,13.8,灰色,濮阳,65B,非营运,0.96,8月8日
日产,2012款 轩逸 1.6XL CVT豪华版,2014年9月1日,6.3,白色,武汉,65C,非营运,2.6,8月6日
日产,2012款 轩逸 1.6XL 手动豪华版,2014年8月1日,16.9,黑色,邯郸,65B,非营运,1.45,7月22日
日产,2012款 轩逸 经典 1.6XE 自动舒适版,2014年8月1日,15.2,黑色,平顶山,65B,非营运,2.4,8月29日
日产,2012款 轩逸 1.6XL CVT豪华版,2014年6月1日,16.1,黑色,长沙,50D,非营运,1.2,8月15日
日产,2012款 轩逸 1.6XL CVT豪华版,2014年6月1日,17.2,灰色,东莞,65B,非营运,2.04,9月2日
日产,2012款 轩逸 1.6XL CVT豪华版,2014年5月1日,19.7,灰色,北京,50D,非营运,1.78,12月12日
日产,2012款 轩逸 1.6XL CVT豪华版,2014年5月1日,10.0,灰色,北京,50D,非营运,2.1,8月7日
日产,2012款 轩逸 1.6XE CVT舒适版,2014年5月1日,3.6,白色,北京,50D,非营运,1.5,9月3日
日产,2012款 轩逸 1.6XL 手动豪华版,2014年4月1日,19.5,棕色,南京,65B,非营运,1.41,11月20日
日产,2012款 轩逸 1.6XL CVT豪华版,2014年3月1日,8.1,黑色,南阳,65D,非营运,1.0,7月27日
日产,2012款 轩逸 1.6XL CVT豪华版,2014年3月1日,12.8,白色,达州,65B,非营运,2.09,10月26日
日产,2012款 轩逸 经典 1.6XE 手动舒适版,2014年3月1日,14.2,黑色,衡水,65B,非营运,1.2,12月1日
日产,2012款 轩逸 1.6XL CVT豪华版,2014年2月1日,16.0,黑色,长沙,65C,非营运,2.26,10月24日
日产,2012款 轩逸 1.6XL 手动豪华版,2014年1月1日,10.6,黑色,郑州,65D,非营运,1.09,9月23日
日产,2012款 轩逸 1.6XL CVT豪华版,2014年1月1日,14.0,白色,兰州,65B,非营运,2.17,12月23日
日产,2012款 轩逸 经典 1.6XE 手动舒适版,2014年1月1日,17.1,黑色,长沙,65B,非营运,1.22,12月19日
日产,2012款 轩逸 1.6XL CVT豪华版,2014年1月1日,14.4,灰色,衡水,65B,非营运,1.58,9月10日
日产,2012款 轩逸 1.6XL CVT豪华版,2014年1月1日,15.1,黑色,益阳,50C,非营运,1.35,8月16日
日产,2012款 轩逸 1.6XL CVT豪华版,2014年1月1日,15.1,黑色,益阳,50C,非营运,1.54,7月27日
日产,2012款 轩逸 1.6XL 手动豪华版,2013年12月1日,9.4,灰色,北京,50B,非营运,1.86,11月28日
日产,2012款 轩逸 1.6XL 手动豪华版,2013年12月1日,13.3,白色,焦作,65B,非营运,1.43,7月16日
日产,2012款 轩逸 1.6XL CVT豪华版,2013年12月1日,11.9,白色,北京,50B,非营运,2.48,9月16日
日产,2012款 轩逸 1.6XL CVT豪华版,2013年12月1日,11.2,白色,台州,65B,非营运,2.31,8月6日
日产,2012款 轩逸 1.6XL CVT豪华版,2013年12月1日,4.9,黑色,南京,65B,非营运,1.66,12月16日
日产,2012款 轩逸 1.6XL CVT豪华版,2013年12月1日,12.5,黄色,自贡,65B,非营运,1.85,11月24日
日产,2012款 轩逸 1.8XL CVT豪华版,2013年11月1日,29.1,黑色,驻马店,50D,非营运,0.88,12月10日
日产,2012款 轩逸 1.6XL 手动豪华版,2013年11月1日,9.7,白色,沧州,65D,非营运,1.29,10月17日
日产,2012款 轩逸 1.6XL CVT豪华版,2013年11月1日,23.7,棕色,长沙,50B,非营运,1.12,9月30日
日产,2012款 轩逸 1.6XL 手动豪华版,2013年11月1日,8.9,黄色,保定,65B,非营运,1.16,7月11日
日产,2012款 轩逸 1.6XL CVT豪华版,2013年11月1日,12.3,棕色,北京,50B,非营运,2.25,7月14日
日产,2012款 轩逸 1.6XL 手动豪华版,2013年10月1日,24.9,黄色,巴中,65D,非营运,1.04,8月29日
日产,2012款 轩逸 1.6XL CVT豪华版,2013年10月1日,6.6,棕色,北京,65B,非营运,2.17,9月5日
日产,2012款 轩逸 经典 1.6XE 自动舒适版,2013年10月1日,17.5,黄色,唐山,65B,非营运,1.79,8月12日
日产,2012款 轩逸 1.6XL CVT豪华版,2013年9月1日,14.9,灰色,北京,50B,非营运,1.84,11月19日
日产,2012款 轩逸 1.6XL 手动豪华版,2013年9月1日,16.7,黄色,贵阳,65B,非营运,1.3,8月7日
日产,2012款 轩逸 1.6XL 手动豪华版,2013年9月1日,12.9,黑色,北京,50B,非营运,1.17,10月17日
日产,2012款 轩逸 1.6XL 手动豪华版,2013年9月1日,9.1,白色,北京,50D,非营运,2.25,6月30日
日产,2012款 轩逸 1.6XL 手动豪华版,2013年9月1日,11.8,灰色,唐山,65D,非营运,0.82,6月30日
日产,2012款 轩逸 经典 1.6XE 手动舒适版,2013年8月1日,12.6,黄色,石家庄,65B,非营运,1.32,6月30日
日产,2012款 轩逸 1.8XL CVT豪华版,2013年8月1日,14.5,灰色,北京,50D,非营运,2.34,6月30日
日产,2012款 轩逸 经典 1.6XE 手动舒适版,2013年8月1日,11.8,灰色,长沙,65D,非营运,1.08,6月30日
日产,2012款 轩逸 经典 1.6XL 自动豪华版,2013年7月1日,7.9,黄色,信阳,65D,非营运,1.24,6月30日
日产,2012款 轩逸 1.6XL CVT豪华版,2013年7月1日,26.4,黄色,湘潭,65D,非营运,1.36,6月30日
日产,2012款 轩逸 1.6XL 手动豪华版,2013年2月1日,15.6,灰色,保定,50D,非营运,1.39,12月2日
日产,2012款 轩逸 经典 1.6XE 自动舒适版,2013年1月1日,8.4,黑色,杭州,65D,非营运,1.21,12月12日
日产,2012款 轩逸 1.6XL CVT豪华版,2013年1月1日,25.0,灰色,北京,50D,非营运,1.4,11月30日
日产,2012款 轩逸 1.6XL CVT豪华版,2013年1月1日,18.0,灰色,北京,65B,非营运,2.16,8月21日
日产,2012款 轩逸 1.8XL CVT豪华版,2013年3月1日,9.5,黑色,长沙,65C,非营运,1.88,7月13日
日产,2012款 轩逸 1.6XL 手动豪华版,2013年4月1日,25.6,白色,焦作,65D,非营运,1.27,8月14日
日产,2012款 轩逸 1.6XL 手动豪华版,2013年5月1日,7.9,红色,嘉兴,65D,非营运,1.5,12月19日
日产,2012款 轩逸 1.6XL 手动豪华版,2012年11月1日,21.0,黑色,成都,65D,非营运,0.27,10月9日
日产,2012款 轩逸 1.6XE CVT舒适版,2012年11月1日,23.2,黄色,长沙,50D,非营运,1.56,10月24日
日产,2012款 轩逸 1.6XL CVT豪华版,2012年10月1日,11.8,灰色,北京,65D,非营运,1.97,9月1日
日产,2012款 轩逸 1.6XL CVT豪华版,2012年8月1日,12.0,黑色,台州,65B,非营运,1.62,8月5日
日产,2009款 轩逸 1.6XE 手动舒适版,2012年7月1日,14.9,黑色,株洲,50B,非营运,0.7,8月6日
日产,2009款 轩逸 1.6XE 手动舒适版,2012年7月1日,11.8,黑色,嘉兴,50B,非营运,0.82,9月26日
日产,2009款 轩逸 2.0XL CVT豪华天窗版,2011年4月1日,10.0,白色,北京,65B,非营运,2.22,9月19日
日产,2009款 轩逸 2.0XL CVT科技天窗版,2010年12月1日,9.9,灰色,北京,50B,非营运,1.42,7月22日
日产,2009款 轩逸 2.0XL CVT科技天窗版,2010年11月1日,14.1,灰色,武汉,65B,非营运,1.43,8月6日
日产,2009款 轩逸 1.6XL 手动豪华天窗版,2010年10月1日,9.6,黑色,北京,65B,非营运,0.44,10月10日
日产,2009款 轩逸 1.6XL 自动豪华天窗版,2010年9月1日,5.4,紫色,北京,50D,非营运,1.54,12月5日
日产,2009款 轩逸 1.6XE 手动舒适版,2010年5月1日,20.2,黑色,济南,65B,非营运,0.69,9月10日
别克,2021款 英朗 改款 典范 1.5L 自动精英型 国VI,2022年11月1日,2.1,白色,北京,80B,非营运,4.78,9月4日
别克,2021款 英朗 改款 典范 1.5L 自动精英型 国VI,2022年10月1日,4.4,白色,绍兴,65B,非营运,3.44,9月18日
别克,2021款 英朗 改款 典范 1.5L 自动精英型 国VI,2022年8月1日,2.4,白色,驻马店,80B,非营运,4.35,8月4日
别克,2021款 英朗 改款 典范 1.5L 自动精英型 国VI,2022年6月1日,11.0,白色,广州,65C,非营运,3.51,9月1日
别克,2021款 英朗 改款 典范 1.5L 自动精英型 国VI,2022年6月1日,11.2,白色,广州,65B,非营运,3.52,8月15日
别克,2021款 英朗 改款 典范 1.5L 自动精英型 国VI,2022年6月1日,12.2,白色,广州,65B,非营运,3.54,8月14日
别克,2021款 英朗 改款 典范 1.5L 自动精英型 国VI,2022年1月1日,3.6,白色,南阳,80B,非营运,4.33,10月10日
别克,2021款 英朗 改款 典范 1.5L 自动精英型 国VI,2022年1月1日,3.8,白色,邵阳,80B,非营运,4.04,7月30日
别克,2021款 英朗 改款 典范 1.5L 自动精英型 国VI,2021年10月1日,2.3,白色,郑州,80B,非营运,4.24,9月17日
别克,2021款 英朗 改款 典范 1.5L 自动精英型 国VI,2021年9月1日,2.2,白色,内江,80B,非营运,4.0,9月12日
别克,2021款 英朗 改款 典范 1.5L 自动精英型 国VI,2021年9月1日,9.2,白色,佛山,65D,非营运,3.11,11月27日
别克,2021款 英朗 改款 典范 1.5L 自动精英型 国VI,2021年9月1日,18.6,白色,天津,65D,非营运,2.95,11月14日
别克,2021款 英朗 改款 典范 1.5L 自动精英型 国VI,2021年9月1日,14.3,白色,上海,65D,非营运,2.42,11月28日
别克,2021款 英朗 改款 典范 1.5L 自动精英型 国VI,2021年7月1日,2.8,白色,北京,50B,非营运,3.96,9月10日
别克,2021款 英朗 改款 典范 1.5L 自动进取型,2021年7月1日,11.7,白色,北京,65B,非营运,3.06,8月1日
别克,2021款 英朗 改款 典范 1.5L 自动精英型 国VI,2021年7月1日,5.5,白色,郑州,80B,非营运,3.94,8月12日
别克,2021款 英朗 改款 典范 1.5L 自动精英型 国VI,2021年6月1日,2.3,白色,郑州,80B,非营运,4.2,9月20日
别克,2021款 英朗 改款 典范 1.5L 自动精英型 国VI,2021年5月1日,3.8,灰色,郑州,80B,非营运,3.91,8月20日
别克,2021款 英朗 改款 1.3T 自动轻混动精英型 国VI,2021年5月1日,4.3,白色,保定,65B,非营运,4.0,11月24日
别克,2021款 英朗 改款 典范 1.5L 自动精英型 国VI,2021年4月1日,5.3,白色,烟台,65B,非营运,3.61,9月23日
别克,2021款 英朗 典范 1.5L 自动精英型 国VI,2021年4月1日,10.0,红色,佛山,65C,非营运,2.92,12月10日
别克,2021款 英朗 改款 典范 1.5L 自动精英型 国VI,2021年4月1日,25.0,白色,南昌,65D,非营运,2.45,7月10日
别克,2021款 英朗 1.3T 自动轻混动精英型,2021年2月1日,5.0,白色,台州,80B,非营运,2.75,8月30日
别克,2021款 英朗 改款 典范 1.5L 自动精英型 国VI,2021年1月1日,6.3,白色,济南,65D,非营运,3.29,9月14日
别克,2021款 英朗 改款 1.3T 自动轻混动精英型 国VI,2021年1月1日,5.3,白色,武汉,80D,非营运,3.1,11月18日
别克,2021款 英朗 改款 典范 1.5L 自动精英型 国VI,2020年12月1日,7.5,白色,北京,65B,非营运,3.61,11月9日
别克,2021款 英朗 改款 典范 1.5L 自动精英型 国VI,2020年12月1日,12.3,白色,北京,65B,非营运,3.2,11月14日
别克,2021款 英朗 1.3T 自动轻混动进取型,2020年11月1日,3.5,白色,成都,80B,非营运,2.93,10月14日
别克,2021款 英朗 1.3T 自动轻混动进取型,2020年11月1日,3.5,白色,成都,80B,非营运,2.95,10月13日
别克,2021款 英朗 改款 典范 1.5L 自动精英型 国VI,2020年10月1日,22.4,白色,北京,50D,非营运,2.38,9月17日
别克,2021款 英朗 典范 1.5L 自动精英型 国VI,2020年9月1日,11.9,白色,北京,65B,非营运,3.35,9月6日
别克,2021款 英朗 1.3T 自动轻混动精英型,2020年9月1日,4.0,灰色,武汉,65D,非营运,2.64,11月17日
别克,2019款 英朗 18T 自动互联精英型 国VI,2020年6月1日,3.9,白色,嘉兴,65B,非营运,3.03,10月2日
别克,2019款 英朗 18T 自动互联精英型 国VI,2020年4月1日,6.1,白色,宜宾,65B,非营运,2.72,8月18日
别克,2019款 英朗 15T 双离合互联精英型 国VI,2020年3月1日,2.3,白色,郑州,65B,非营运,2.6,9月20日
别克,2019款 英朗 18T 自动互联精英型 国VI,2020年1月1日,10.8,白色,郑州,65D,非营运,2.16,9月6日
别克,2019款 英朗 18T 自动互联精英型 国VI,2019年10月1日,3.5,黄色,杭州,65B,非营运,2.67,9月9日
别克,2019款 英朗 18T 自动互联精英型 国VI,2019年10月1日,6.4,白色,杭州,65B,非营运,2.67,7月29日
别克,2019款 英朗 15T 双离合进取型 国VI,2019年8月1日,6.8,白色,长沙,65D,非营运,1.44,10月30日
别克,2019款 英朗 18T 自动互联精英型 国VI,2019年8月1日,8.1,白色,南阳,65B,非营运,2.82,10月15日
别克,2019款 英朗 18T 自动互联精英型 国VI,2019年8月1日,4.4,白色,杭州,65B,非营运,2.72,8月12日
别克,2019款 英朗 18T 自动互联精英型 国VI,2019年7月1日,12.0,白色,扬州,65B,非营运,2.2,10月27日
别克,2018款 英朗 18T 自动旗舰型,2019年5月1日,15.1,白色,长沙,65B,非营运,2.22,7月10日
别克,2019款 英朗 15T 双离合互联精英型 国VI,2019年5月1日,4.2,白色,郑州,65B,非营运,2.6,9月8日
别克,2019款 英朗 18T 自动互联精英型 国V,2019年4月1日,4.2,白色,安阳,65B,非营运,2.63,11月1日
别克,2018款 英朗 15T 双离合进取型 国V,2019年3月1日,6.0,白色,郑州,65B,非营运,2.24,7月29日
别克,2018款 英朗 15T 双离合精英型 国V,2018年12月1日,9.7,白色,常德,65B,非营运,2.08,7月18日
别克,2018款 英朗 15T 手动精英型 国V,2018年12月1日,11.6,白色,金华,65B,非营运,1.37,11月27日
别克,2018款 英朗 15T 双离合精英型 国V,2018年12月1日,10.1,白色,西安,65B,非营运,2.17,12月23日
别克,2018款 英朗 15T 双离合精英型 国V,2018年11月1日,5.2,红色,绍兴,65D,非营运,1.54,6月30日
别克,2018款 英朗 15T 手动精英型 国V,2018年9月1日,5.9,白色,济宁,65B,非营运,1.75,6月30日
别克,2018款 英朗 15T 手动精英型 国V,2018年7月1日,9.6,白色,临沂,65B,非营运,1.52,6月30日
别克,2018款 英朗 15T 手动进取型 国V,2018年6月1日,4.1,白色,邯郸,65B,非营运,2.08,6月30日
别克,2018款 英朗 18T 自动精英型,2018年5月1日,18.0,白色,北京,50B,非营运,2.04,6月30日
别克,2018款 英朗 15T 双离合精英型 国V,2018年1月1日,7.3,白色,郑州,65B,非营运,2.15,6月30日
别克,2018款 英朗 18T 自动精英型,2017年12月1日,8.7,白色,郑州,50B,非营运,2.01,6月30日
别克,2018款 英朗 18T 自动精英型,2017年12月1日,5.5,白色,郑州,65B,非营运,2.18,7月22日
别克,2018款 英朗 18T 自动精英型,2017年12月1日,14.7,灰色,北京,35D,非营运,1.68,10月28日
别克,2018款 英朗 15T 双离合进取型 国V,2017年11月1日,10.1,黄色,武汉,65D,非营运,1.25,8月29日
别克,2017款 英朗 15N 自动精英型,2017年10月1日,9.5,白色,扬州,65B,非营运,1.82,9月11日
别克,2017款 英朗 15N 自动进取型,2017年9月1日,18.4,白色,济南,65C,非营运,1.8,10月12日
别克,2017款 英朗 15N 自动精英型,2017年9月1日,10.4,白色,延安,65B,非营运,2.25,12月12日
别克,2017款 英朗 15N 自动精英型,2017年9月1日,14.4,白色,嘉兴,65B,非营运,1.99,8月17日
别克,2017款 英朗 15N 自动豪华型,2017年9月1日,8.4,白色,临沂,65B,非营运,2.42,9月13日
别克,2017款 英朗 15N 自动进取型,2017年9月1日,14.7,棕色,长沙,65D,非营运,1.55,12月19日
别克,2017款 英朗 15N 自动精英型,2017年8月1日,8.1,红色,南昌,65D,非营运,1.5,7月24日
别克,2017款 英朗 15N 自动豪华型,2017年8月1日,11.1,白色,保定,50D,非营运,1.8,11月24日
别克,2017款 英朗 15N 自动精英型,2017年6月1日,9.2,白色,肇庆,65C,非营运,2.01,9月26日
别克,2017款 英朗 15N 自动精英型,2017年5月1日,22.6,白色,重庆,65B,非营运,1.93,8月15日
别克,2017款 英朗 15N 自动精英型,2017年5月1日,16.8,白色,厦门,65B,非营运,1.71,9月20日
别克,2017款 英朗 15N 手动精英型,2017年4月1日,14.0,白色,合肥,65D,非营运,1.26,12月11日
别克,2017款 英朗 15N 自动精英型,2017年4月1日,10.2,白色,郑州,50B,非营运,2.36,11月1日
别克,2017款 英朗 15N 自动精英型,2017年3月1日,13.7,棕色,烟台,65B,非营运,2.0,8月28日
别克,2017款 英朗 15N 自动精英型,2017年1月1日,13.0,棕色,南京,65B,非营运,1.88,9月10日
别克,2015款 英朗 15N 自动 豪华型,2017年1月1日,17.1,白色,佛山,65D,非营运,1.33,11月9日
别克,2017款 英朗 15N 自动精英型,2017年1月1日,15.3,白色,郑州,65B,非营运,2.39,10月10日
别克,2017款 英朗 15N 手动进取型,2017年1月1日,30.9,棕色,株洲,65D,非营运,1.02,7月17日
别克,2016款 英朗 15N 自动 精英型,2016年12月1日,14.0,白色,长沙,50B,非营运,1.38,7月17日
别克,2016款 英朗 15N 自动 精英型,2016年12月1日,8.4,白色,长沙,65B,非营运,1.91,7月30日
别克,2016款 英朗 15N 自动 精英型,2016年11月1日,8.7,黑色,邢台,65C,非营运,2.03,7月16日
别克,2015款 英朗 15N 手动 精英型,2016年11月1日,11.1,白色,佛山,65B,非营运,1.11,10月27日
别克,2016款 英朗 15N 自动 精英型,2016年11月1日,9.8,白色,南昌,65B,非营运,2.08,8月3日
别克,2016款 英朗 15N 自动 进取型,2016年10月1日,8.2,其他,郑州,65B,非营运,1.96,10月26日
别克,2016款 英朗 15N 自动 精英型,2016年10月1日,10.5,白色,宜宾,65B,非营运,1.82,6月30日
别克,2016款 英朗 15N 自动 精英型,2016年8月1日,6.0,棕色,武汉,65B,非营运,1.63,8月28日
别克,2016款 英朗 15N 自动 精英型,2016年8月1日,13.6,白色,南昌,65D,非营运,1.64,9月10日
别克,2016款 英朗 15N 自动 精英型,2016年7月1日,10.0,白色,郑州,65B,非营运,2.16,11月18日
别克,2016款 英朗 15N 自动 精英型,2016年6月1日,9.5,棕色,邢台,65B,非营运,2.17,11月19日
别克,2015款 英朗 15N 自动 豪华型,2016年6月1日,6.5,白色,郑州,65B,非营运,2.08,7月29日
别克,2016款 英朗 15N 自动 精英型,2016年6月1日,6.7,白色,武汉,65C,非营运,1.84,7月22日
别克,2016款 英朗 15N 自动 精英型,2016年4月1日,11.2,白色,南京,65B,非营运,2.04,9月23日
别克,2015款 英朗 18T 双离合 豪华型,2016年3月1日,9.0,棕色,北京,50B,非营运,2.25,11月9日
别克,2015款 英朗 15N 自动 进取型,2016年2月1日,12.0,黑色,长沙,50D,非营运,1.52,8月5日
别克,2015款 英朗 15N 自动 进取型,2016年2月1日,12.3,白色,佛山,65D,非营运,1.33,7月19日
别克,2015款 英朗 15N 手动 精英型,2016年1月1日,9.1,白色,嘉兴,65C,非营运,1.32,12月6日
别克,2015款 英朗 15N 手动 精英型,2016年1月1日,12.2,白色,济南,65B,非营运,1.47,12月5日
别克,2015款 英朗 15N 自动 进取型,2015年12月1日,14.5,白色,株洲,65B,非营运,1.56,6月30日
别克,2015款 英朗 15N 自动 精英型,2015年12月1日,12.6,白色,漯河,65B,非营运,1.43,8月18日
别克,2015款 英朗 15N 手动 精英型,2015年12月1日,10.5,棕色,天津,65B,非营运,1.75,11月20日
别克,2014款 英朗 XT 1.6L 自动 时尚版,2015年11月1日,12.4,蓝色,临沂,65D,非营运,0.84,9月8日
别克,2015款 英朗 15N 自动 精英型,2015年11月1日,11.1,白色,武汉,65B,非营运,1.64,8月27日
别克,2015款 英朗 15N 手动 进取型,2015年11月1日,14.5,白色,保定,65D,非营运,1.33,9月8日
别克,2015款 英朗 15N 自动 进取型,2015年10月1日,8.2,白色,扬州,65B,非营运,1.63,11月23日
别克,2015款 英朗 15N 自动 豪华型,2015年10月1日,7.8,棕色,天津,65B,非营运,1.01,8月3日
别克,2015款 英朗 15N 自动 精英型,2015年10月1日,8.3,红色,北京,35B,非营运,1.33,8月5日
别克,2014款 英朗 XT 1.6L 自动时尚版,2015年10月1日,10.2,白色,郑州,65D,非营运,1.57,8月15日
别克,2015款 英朗 15N 自动 豪华型,2015年10月1日,7.2,白色,抚州,65C,非营运,1.64,9月21日
别克,2015款 英朗 15N 自动 进取型,2015年10月1日,6.4,白色,青岛,65B,非营运,1.8,11月26日
别克,2015款 英朗 15N 自动 进取型,2015年9月1日,24.4,红色,合肥,65B,非营运,1.1,8月5日
别克,2015款 英朗 15N 自动 精英型,2015年9月1日,19.6,棕色,安庆,65B,非营运,0.83,7月22日
别克,2015款 英朗 15N 自动 精英型,2015年9月1日,19.6,棕色,安庆,65B,非营运,1.1,10月10日
别克,2015款 英朗 15N 手动 进取型,2015年9月1日,11.8,白色,周口,65D,非营运,1.28,9月28日
别克,2015款 英朗 15N 自动 精英型,2015年8月1日,15.8,白色,衡水,65B,非营运,1.14,7月21日
别克,2015款 英朗 15N 自动 豪华型,2015年7月1日,15.5,黑色,邯郸,50D,非营运,1.97,8月15日
别克,2014款 英朗 XT 1.6L 自动 时尚版,2015年6月1日,6.5,蓝色,攀枝花,65B,非营运,1.3,11月1日
别克,2015款 英朗 15N 手动 豪华型,2015年4月1日,8.9,白色,西安,65B,非营运,1.0,8月14日
别克,2013款 英朗 GT 1.8L 自动时尚版,2015年4月1日,8.4,黑色,石家庄,65B,非营运,1.4,7月23日
别克,2013款 英朗 GT 1.8L 自动时尚版,2015年4月1日,8.4,黑色,石家庄,65B,非营运,0.94,7月16日
别克,2015款 英朗 15N 自动 豪华型,2015年3月1日,19.1,白色,郑州,65D,非营运,1.09,7月15日
别克,2013款 英朗 GT 1.6L 自动时尚版,2015年3月1日,13.5,黄色,巴中,65B,非营运,1.4,8月24日
别克,2013款 英朗 GT 1.6L 手动进取版,2015年1月1日,8.2,黄色,杭州,65D,非营运,0.95,12月8日
别克,2014款 英朗 XT 1.6L 自动时尚版,2014年12月1日,10.2,白色,郑州,65B,非营运,0.72,12月19日
别克,2014款 英朗 XT 1.6L 自动时尚版,2014年12月1日,9.3,白色,邢台,50B,非营运,1.43,7月27日
别克,2013款 英朗 GT 1.6L 自动时尚版,2014年12月1日,15.4,黄色,长沙,65B,非营运,1.6,9月22日
别克,2013款 英朗 GT 1.6L 自动时尚版,2014年12月1日,9.2,白色,长沙,65B,非营运,0.94,9月7日
别克,2013款 英朗 GT 1.6L 自动时尚版,2014年12月1日,11.1,红色,济南,65B,非营运,1.17,10月12日
别克,2013款 英朗 GT 1.6L 自动时尚版,2014年11月1日,20.1,白色,长沙,50C,非营运,0.91,8月11日
别克,2013款 英朗 GT 1.6L 手动进取版,2014年10月1日,11.7,白色,保定,65B,非营运,0.6,8月8日
别克,2014款 英朗 XT 1.6L 自动时尚版,2014年7月1日,6.4,白色,邢台,65B,非营运,0.81,10月10日
别克,2014款 英朗 XT 1.6L 自动时尚版,2014年7月1日,8.2,红色,长沙,65B,非营运,1.5,9月5日
别克,2013款 英朗 GT 1.6L 自动时尚版,2014年6月1日,19.3,红色,金华,65B,非营运,0.62,8月26日
别克,2013款 英朗 GT 1.6L 自动时尚版,2014年5月1日,15.8,黑色,郑州,65D,非营运,0.51,10月14日
别克,2013款 英朗 GT 1.6L 自动时尚版,2014年4月1日,5.5,白色,郑州,65B,非营运,0.92,8月18日
别克,2014款 英朗 XT 1.6L 自动时尚版,2014年4月1日,12.1,白色,济宁,65D,非营运,0.75,7月16日
别克,2013款 英朗 GT 1.6L 自动时尚版,2014年1月1日,18.9,黑色,杭州,50B,非营运,0.85,11月4日
别克,2013款 英朗 GT 1.6L 手动进取版,2014年1月1日,28.3,黑色,北京,35D,非营运,0.56,8月25日
别克,2013款 英朗 GT 1.6L 手动进取版,2014年1月1日,12.2,白色,长沙,65D,非营运,0.67,11月8日
别克,2013款 英朗 GT 1.6L 自动时尚版,2013年11月1日,7.0,白色,西安,65B,非营运,0.43,7月13日
别克,2013款 英朗 GT 1.6L 自动舒适版,2013年11月1日,8.3,白色,北京,65B,非营运,1.2,8月6日
别克,2013款 英朗 XT 1.6L 手动进取版,2013年8月1日,14.9,白色,济南,65B,非营运,1.31,10月16日
别克,2012款 英朗 GT 1.6L 自动时尚版,2013年5月1日,13.9,红色,北京,35D,非营运,0.8,10月19日
别克,2012款 英朗 GT 1.6L 自动时尚版,2013年5月1日,12.2,白色,济南,50B,非营运,0.93,10月25日
别克,2013款 英朗 XT 1.6L 自动时尚版,2013年5月1日,4.8,白色,北京,50B,非营运,0.67,8月23日
别克,2013款 英朗 GT 1.6L 自动舒适版,2013年5月1日,6.5,黑色,洛阳,65C,非营运,1.23,7月15日
别克,2013款 英朗 XT 1.6L 自动时尚版,2013年5月1日,11.2,红色,北京,50B,非营运,0.95,11月2日
别克,2013款 英朗 GT 1.6L 自动时尚版,2013年5月1日,15.4,白色,天津,65B,非营运,1.28,11月10日
别克,2012款 英朗 GT 1.6L 自动时尚版,2013年3月1日,15.7,黑色,郑州,65C,非营运,1.19,11月13日
别克,2013款 英朗 GT 1.6L 自动时尚版,2013年3月1日,9.4,灰色,北京,50D,非营运,0.77,9月2日
别克,2013款 英朗 XT 1.6L 自动时尚版,2013年2月1日,9.6,白色,北京,50B,非营运,0.6,9月17日
别克,2013款 英朗 GT 1.6L 手动进取版,2013年1月1日,14.4,红色,成都,65B,非营运,1.02,7月26日
别克,2012款 英朗 GT 1.6L 自动时尚版,2012年12月1日,6.0,白色,北京,50B,非营运,1.1,6月30日
别克,2012款 英朗 GT 1.6L 自动时尚版,2012年11月1日,12.0,白色,济南,65B,非营运,0.8,6月30日
别克,2013款 英朗 GT 1.6L 自动时尚版,2012年11月1日,7.2,白色,北京,50B,非营运,0.78,6月30日
别克,2013款 英朗 GT 1.6L 自动舒适版,2012年11月1日,18.4,黑色,武汉,65B,非营运,0.45,6月30日
别克,2012款 英朗 XT 1.6L 手动进取版,2012年10月1日,13.9,红色,唐山,65B,非营运,0.53,6月30日
别克,2012款 英朗 XT 1.6L 手动舒适版,2012年9月1日,9.4,红色,保定,50D,非营运,0.53,6月30日
奥迪,2018款 奥迪Q5 典藏版 40 TFSI 技术型,2018年9月1日,7.2,黑色,北京,65C,非营运,8.71,8月20日
奥迪,2018款 奥迪Q5 典藏版 40 TFSI 进取型,2018年8月1日,9.8,白色,北京,65B,非营运,10.17,12月22日
奥迪,2017款 奥迪Q5 40 TFSI 进取型,2018年8月1日,6.4,白色,北京,65B,非营运,12.42,7月25日
奥迪,2018款 奥迪Q5 典藏版 40 TFSI 技术型,2018年7月1日,6.9,黑色,杭州,65B,非营运,10.1,11月6日
奥迪,2017款 奥迪Q5 Plus 40 TFSI 技术型,2018年3月1日,11.3,白色,北京,50B,非营运,11.55,9月16日
奥迪,2017款 奥迪Q5 Plus 40 TFSI 进取型,2018年1月1日,9.7,黑色,金华,65B,非营运,8.83,9月13日
奥迪,2017款 奥迪Q5 Plus 40 TFSI 进取型,2017年12月1日,15.2,白色,杭州,65B,非营运,7.14,7月24日
奥迪,2017款 奥迪Q5 Plus 40 TFSI 技术型,2017年10月1日,10.9,棕色,信阳,65D,非营运,5.68,9月28日
奥迪,2017款 奥迪Q5 Plus 40 TFSI 进取型,2017年10月1日,12.4,黑色,洛阳,65B,非营运,6.4,8月14日
奥迪,2017款 奥迪Q5 40 TFSI 进取型,2017年8月1日,9.6,白色,杭州,65D,非营运,6.82,11月21日
奥迪,2017款 奥迪Q5 40 TFSI 技术型,2016年12月1日,18.3,黄色,合肥,65B,非营运,6.15,9月10日
奥迪,2017款 奥迪Q5 40 TFSI 进取型,2016年12月1日,14.3,棕色,北京,50B,非营运,5.83,7月31日
奥迪,2017款 奥迪Q5 40 TFSI 进取型,2016年12月1日,14.3,棕色,北京,50B,非营运,5.87,7月28日
奥迪,2017款 奥迪Q5 40 TFSI 进取型,2016年12月1日,14.3,棕色,北京,50B,非营运,6.18,7月23日
奥迪,2017款 奥迪Q5 40 TFSI 进取型,2016年12月1日,8.8,白色,北京,50D,非营运,5.41,10月16日
奥迪,2017款 奥迪Q5 40 TFSI 技术型,2016年10月1日,15.4,黄色,杭州,50D,非营运,4.99,9月20日
奥迪,2017款 奥迪Q5 40 TFSI 动感型,2016年10月1日,12.6,黑色,成都,65D,非营运,7.01,10月20日
奥迪,2016款 奥迪Q5 40TFSI 技术型,2016年10月1日,19.4,灰色,北京,50D,非营运,5.47,9月9日
奥迪,2016款 奥迪Q5 40TFSI 进取型,2016年8月1日,11.3,白色,郑州,65D,非营运,5.55,8月7日
奥迪,2016款 奥迪Q5 40TFSI 进取型,2016年6月1日,20.8,黑色,肇庆,65D,非营运,3.76,12月6日
奥迪,2016款 奥迪Q5 40TFSI 进取型,2016年6月1日,20.8,黑色,肇庆,65D,非营运,4.74,12月3日
奥迪,2016款 奥迪Q5 40TFSI 进取型,2016年5月1日,14.7,白色,北京,50B,非营运,6.55,12月3日
奥迪,2016款 奥迪Q5 40TFSI 技术型,2016年4月1日,14.2,棕色,北京,50B,非营运,6.36,11月3日
奥迪,2016款 奥迪Q5 40TFSI 技术型,2016年3月1日,17.6,黑色,北京,50B,非营运,6.31,9月22日
奥迪,2015款 奥迪Q5 40 TFSI 豪华型,2016年2月1日,31.2,棕色,北京,50B,非营运,5.64,12月20日
奥迪,2016款 奥迪Q5 40TFSI 进取型,2016年2月1日,14.6,白色,青岛,65B,非营运,6.72,7月22日
奥迪,2016款 奥迪Q5 40TFSI 进取型,2015年12月1日,10.7,白色,安阳,65B,非营运,5.82,10月18日
奥迪,2016款 奥迪Q5 40TFSI 进取型,2015年12月1日,10.7,白色,安阳,65B,非营运,6.03,10月16日
奥迪,2015款 奥迪Q5 40 TFSI 舒适型,2015年12月1日,32.6,棕色,郑州,65D,非营运,3.85,11月22日
奥迪,2015款 奥迪Q5 40 TFSI 舒适型,2015年11月1日,15.3,白色,郑州,65B,非营运,6.55,7月24日
奥迪,2015款 奥迪Q5 40 TFSI 舒适型,2015年11月1日,5.4,黑色,北京,65B,非营运,9.7,8月20日
奥迪,2015款 奥迪Q5 40 TFSI 技术型,2015年10月1日,17.5,白色,北京,50D,非营运,5.64,12月9日
奥迪,2015款 奥迪Q5 40 TFSI 技术型,2015年9月1日,20.2,白色,遵义,65B,非营运,5.01,11月22日
奥迪,2015款 奥迪Q5 40 TFSI 技术型,2015年9月1日,17.4,黑色,北京,65B,非营运,6.41,11月22日
奥迪,2015款 奥迪Q5 40 TFSI 进取型,2015年9月1日,11.8,白色,杭州,65D,非营运,4.15,10月25日
奥迪,2015款 奥迪Q5 40 TFSI 技术型,2015年8月1日,12.3,黑色,湖州,65B,非营运,5.3,12月11日
奥迪,2015款 奥迪Q5 40 TFSI 技术型,2015年6月1日,18.6,白色,榆林,65B,非营运,5.47,11月20日
奥迪,2015款 奥迪Q5 40 TFSI 技术型,2015年6月1日,18.5,黑色,北京,50D,非营运,5.34,10月10日
奥迪,2015款 奥迪Q5 40 TFSI 技术型,2015年5月1日,10.2,棕色,北京,65B,非营运,6.93,11月6日
奥迪,2015款 奥迪Q5 40 TFSI 进取型,2015年1月1日,16.6,黑色,杭州,65B,非营运,5.18,9月4日
奥迪,2013款 奥迪Q5 40 TFSI 技术型,2015年1月1日,13.6,金色,郑州,65B,非营运,5.46,10月15日
奥迪,2015款 奥迪Q5 40 TFSI 进取型,2015年1月1日,11.4,白色,武汉,65B,非营运,4.92,7月29日
奥迪,2013款 奥迪Q5 40 TFSI 进取型,2014年11月1日,14.5,白色,郑州,65D,非营运,4.05,8月12日
奥迪,2013款 奥迪Q5 40 TFSI 舒适型,2014年10月1日,6.9,白色,北京,65B,非营运,6.82,10月21日
奥迪,2013款 奥迪Q5 40 TFSI 技术型,2014年8月1日,11.1,棕色,临沂,65B,非营运,3.62,11月22日
奥迪,2013款 奥迪Q5 40 TFSI 技术型,2014年8月1日,23.1,黑色,渭南,65B,非营运,4.17,12月10日
奥迪,2013款 奥迪Q5 40 TFSI 技术型,2014年8月1日,12.4,灰色,北京,65B,非营运,5.52,9月4日
奥迪,2013款 奥迪Q5 40 TFSI 舒适型,2014年8月1日,12.4,灰色,北京,65B,非营运,4.9,8月30日
奥迪,2013款 奥迪Q5 40 TFSI 舒适型,2014年6月1日,12.1,白色,北京,65B,非营运,5.71,8月22日
奥迪,2013款 奥迪Q5 40 TFSI 技术型,2014年6月1日,13.5,白色,驻马店,65D,非营运,2.97,8月27日
奥迪,2013款 奥迪Q5 40 TFSI 技术型,2014年6月1日,13.8,棕色,北京,65B,非营运,4.65,11月2日
奥迪,2013款 奥迪Q5 40 TFSI 进取型,2014年3月1日,16.9,黑色,北京,50B,非营运,4.36,10月13日
奥迪,2013款 奥迪Q5 40 TFSI 进取型,2014年2月1日,11.4,棕色,郑州,65B,非营运,5.4,10月14日
奥迪,2013款 奥迪Q5 40 TFSI 技术型,2014年1月1日,15.8,黑色,北京,50D,非营运,4.61,8月20日
奥迪,2013款 奥迪Q5 40 TFSI 技术型,2014年1月1日,32.6,棕色,北京,50D,非营运,4.11,9月18日
奥迪,2012款 奥迪Q5 2.0TFSI 舒适型,2013年12月1日,12.3,黑色,常德,65B,非营运,3.36,7月13日
奥迪,2013款 奥迪Q5 40 TFSI 进取型,2013年12月1日,15.8,黑色,北京,35D,非营运,4.99,9月30日
奥迪,2013款 奥迪Q5 40 TFSI 技术型,2013年11月1日,10.2,黑色,北京,50D,非营运,5.17,9月9日
奥迪,2013款 奥迪Q5 40 TFSI 技术型,2013年11月1日,11.4,白色,郑州,65D,非营运,4.74,8月6日
奥迪,2013款 奥迪Q5 40 TFSI 舒适型,2013年10月1日,12.5,白色,益阳,50D,非营运,3.57,11月3日
奥迪,2013款 奥迪Q5 40 TFSI 进取型,2013年10月1日,24.1,白色,天津,65D,非营运,3.39,7月17日
奥迪,2013款 奥迪Q5 40 TFSI 舒适型,2013年10月1日,20.8,黑色,北京,35D,非营运,3.69,9月9日
奥迪,2013款 奥迪Q5 40 TFSI 舒适型,2013年9月1日,12.8,白色,北京,65B,非营运,6.16,8月20日
奥迪,2013款 奥迪Q5 40 TFSI 舒适型,2013年9月1日,12.8,白色,北京,65B,非营运,6.28,8月18日
奥迪,2013款 奥迪Q5 40 TFSI 技术型,2013年7月1日,23.5,棕色,郑州,65B,非营运,3.9,8月15日
奥迪,2013款 奥迪Q5 40 TFSI 技术型,2013年5月1日,18.5,白色,丽水,65B,非营运,3.8,11月26日
奥迪,2012款 奥迪Q5 2.0TFSI 进取型,2013年3月1日,18.5,黑色,临沂,50B,非营运,3.24,11月15日
奥迪,2012款 奥迪Q5 2.0TFSI 进取型,2013年1月1日,15.0,灰色,北京,35C,非营运,4.18,10月14日
奥迪,2012款 奥迪Q5 2.0TFSI 舒适型,2012年11月1日,20.3,灰色,北京,50D,非营运,3.25,8月23日
奥迪,2012款 奥迪Q5 2.0TFSI 舒适型,2012年11月1日,14.5,其他,长沙,65B,非营运,3.18,10月9日
奥迪,2012款 奥迪Q5 2.0TFSI 舒适型,2012年11月1日,22.2,白色,湘潭,65B,非营运,3.23,8月28日
奥迪,2012款 奥迪Q5 2.0TFSI 技术型,2012年10月1日,21.1,灰色,成都,65B,非营运,2.66,10月15日
奥迪,2012款 奥迪Q5 2.0TFSI 技术型,2012年10月1日,21.1,灰色,成都,65B,非营运,2.76,10月11日
奥迪,2012款 奥迪Q5 2.0TFSI 技术型,2012年10月1日,9.2,灰色,北京,65B,非营运,4.33,11月4日
奥迪,2012款 奥迪Q5 2.0TFSI 技术型,2012年10月1日,9.2,灰色,北京,65B,非营运,4.49,10月31日
奥迪,2012款 奥迪Q5 2.0TFSI 豪华型,2012年8月1日,14.0,白色,北京,50D,非营运,3.6,10月10日
奥迪,2012款 奥迪Q5 2.0TFSI 舒适型,2012年3月1日,15.6,黄色,北京,65B,非营运,3.75,11月10日
奥迪,2011款 奥迪Q5 2.0TFSI 技术型,2011年12月1日,27.5,灰色,长沙,50B,非营运,1.97,7月25日
奥迪,2011款 奥迪Q5 2.0TFSI 技术型,2011年12月1日,27.5,灰色,长沙,50B,非营运,2.15,7月20日
奥迪,2011款 奥迪Q5 2.0TFSI 豪华型,2011年10月1日,18.7,黄色,昆明,65B,非营运,2.78,8月15日
奥迪,2011款 奥迪Q5 2.0TFSI 豪华型,2011年9月1日,13.0,黑色,北京,50B,非营运,4.04,9月16日
奥迪,2011款 奥迪Q5 2.0TFSI 技术型,2011年7月1日,19.4,灰色,南昌,65B,非营运,2.32,8月20日
奥迪,2011款 奥迪Q5 2.0TFSI 舒适型,2011年6月1日,13.1,白色,邯郸,65B,非营运,3.15,7月26日
奥迪,2011款 奥迪Q5 2.0TFSI 技术型,2011年4月1日,10.5,灰色,北京,65B,非营运,3.02,11月29日
奥迪,2011款 奥迪Q5 2.0TFSI 技术型,2011年4月1日,11.6,灰色,北京,65B,非营运,3.65,10月11日
奥迪,2010款 奥迪Q5 2.0TFSI 技术型,2010年11月1日,15.1,黑色,北京,35D,非营运,3.47,8月18日
奥迪,2010款 奥迪Q5 2.0TFSI 舒适型,2010年9月1日,9.9,灰色,北京,50D,非营运,2.34,7月29日
宝马,2024款 宝马5系 525Li 豪华套装,2024年8月1日,1.0,黑色,开封,80B,非营运,24.19,11月26日
宝马,2023款 宝马5系 530Li 尊享型 M运动套装,2024年3月1日,1.7,黑色,唐山,80B,非营运,31.04,10月29日
宝马,2022款 宝马5系 改款二 525Li M运动套装,2023年8月1日,6.0,黑色,北京,35D,非营运,21.54,11月11日
宝马,2023款 宝马5系 530Li xDrive M运动套装,2023年7月1日,2.7,黑色,台州,80B,非营运,24.68,8月20日
宝马,2022款 宝马5系 改款二 530Li 领先型 M运动套装,2023年1月1日,5.7,黑色,杭州,80B,非营运,25.09,8月6日
宝马,2022款 宝马5系 改款 530Li 尊享型 M运动套装,2022年9月1日,4.1,黑色,北京,65B,非营运,27.8,8月7日
宝马,2022款 宝马5系 改款 525Li M运动套装,2022年6月1日,4.5,黑色,周口,80B,非营运,23.5,6月30日
宝马,2021款 宝马5系 530Li 领先型 M运动套装,2021年8月1日,6.1,黑色,肇庆,65B,非营运,23.94,6月30日
宝马,2021款 宝马5系 改款 530Li 尊享型 M运动套装,2021年7月1日,5.6,白色,南阳,80B,非营运,26.79,6月30日
宝马,2021款 宝马5系 530Li xDrive 豪华套装,2021年5月1日,13.8,灰色,郑州,65B,非营运,19.13,6月30日
宝马,2020款 宝马5系 525Li 豪华套装 国VI,2021年3月1日,15.9,灰色,广州,65B,非营运,20.14,6月30日
宝马,2021款 宝马5系 530Li 尊享型 M运动套装,2021年1月1日,6.8,黑色,郑州,65B,非营运,24.65,6月30日
宝马,2020款 宝马5系 530Li 领先型 豪华套装,2020年8月1日,7.3,灰色,北京,65B,非营运,20.0,6月30日
宝马,2020款 宝马5系 530Li 尊享型 豪华套装,2020年7月1日,18.3,白色,北京,35D,非营运,19.7,6月30日
宝马,2019款 宝马5系 530Li 尊享型 豪华套装,2019年2月1日,21.5,灰色,东莞,65D,非营运,14.83,6月30日
宝马,2019款 宝马5系 525Li M运动套装,2019年1月1日,15.7,黑色,成都,65D,非营运,12.4,6月30日
宝马,2018款 宝马5系 改款 530Li 领先型 M运动套装,2018年10月1日,7.3,白色,北京,50D,非营运,12.5,6月30日
宝马,2018款 宝马5系 530Li 领先型 豪华套装,2018年6月1日,18.9,白色,平顶山,65B,非营运,13.13,6月30日
宝马,2018款 宝马5系 改款 530Li 尊享型 豪华套装,2018年4月1日,16.0,白色,东莞,65D,非营运,12.85,6月30日
宝马,2018款 宝马5系 528Li 上市特别版,2018年4月1日,16.8,白色,郑州,65B,非营运,14.41,7月21日
宝马,2018款 宝马5系 528Li 上市特别版,2017年10月1日,14.6,黑/灰,保定,65B,非营运,11.91,10月24日
宝马,2018款 宝马5系 528Li 上市特别版,2017年9月1日,18.1,白色,北京,50D,非营运,11.15,9月11日
宝马,2017款 宝马5系 525Li 领先型,2017年4月1日,13.2,灰色,济南,65B,非营运,9.17,11月7日
宝马,2017款 宝马5系 525Li 领先型,2017年4月1日,13.2,灰色,济南,65B,非营运,9.17,11月5日
宝马,2017款 宝马5系 528Li xDrive豪华设计套装,2017年3月1日,15.4,白色,北京,50C,非营运,8.36,11月19日
宝马,2017款 宝马5系 528Li xDrive领先型,2017年3月1日,18.1,黑色,北京,50B,非营运,8.49,9月26日
宝马,2017款 宝马5系 520Li 典雅型,2017年1月1日,37.7,黑色,潍坊,65B,非营运,5.98,8月27日
宝马,2017款 宝马5系 520Li 典雅型,2016年11月1日,9.4,白色,北京,65B,非营运,9.53,7月16日
宝马,2017款 宝马5系 525Li 领先型,2016年10月1日,4.9,白色,保定,65D,非营运,10.9,12月19日
宝马,2017款 宝马5系 525Li 豪华设计套装,2016年10月1日,15.0,白色,周口,65B,非营运,8.57,12月3日
宝马,2017款 宝马5系 520Li 典雅型,2016年9月1日,18.0,白色,北京,50C,非营运,6.7,10月30日
宝马,2017款 宝马5系 525Li 领先型,2016年8月1日,9.8,棕色,重庆,65D,非营运,9.08,10月10日
宝马,2017款 宝马5系 520Li 典雅型,2016年8月1日,7.0,灰色,北京,65B,非营运,9.91,12月1日
宝马,2017款 宝马5系 520Li 典雅型,2016年8月1日,16.4,黑色,新乡,65B,非营运,10.5,8月5日
宝马,2014款 宝马5系 528Li xDrive豪华设计套装,2016年4月1日,11.3,黑色,洛阳,65B,非营运,6.88,9月25日
宝马,2014款 宝马5系 520Li 典雅型,2016年4月1日,16.3,白色,郑州,65B,非营运,9.19,12月8日
宝马,2014款 宝马5系 525Li 豪华设计套装,2016年1月1日,11.0,白色,北京,50C,非营运,7.56,9月25日
宝马,2014款 宝马5系 520Li 典雅型,2015年12月1日,8.1,白色,温州,65B,非营运,8.68,10月10日
宝马,2014款 宝马5系 525Li 领先型,2015年12月1日,7.5,白色,北京,65B,非营运,8.5,7月13日
宝马,2014款 宝马5系 520Li 典雅型,2015年8月1日,13.6,白色,北京,65B,非营运,5.09,8月18日
宝马,2014款 宝马5系 525Li 豪华设计套装,2015年7月1日,10.1,白色,北京,50D,非营运,6.18,7月25日
宝马,2014款 宝马5系 525Li 豪华设计套装,2015年7月1日,11.4,灰色,北京,50B,非营运,6.6,9月3日
宝马,2014款 宝马5系 528Li 领先型,2015年6月1日,14.1,白色,洛阳,65B,非营运,7.41,12月7日
宝马,2014款 宝马5系 525Li 豪华设计套装,2015年4月1日,8.2,灰色,北京,65B,非营运,6.85,7月22日
宝马,2014款 宝马5系 525Li 领先型,2015年4月1日,12.6,白色,郑州,65B,非营运,8.64,9月2日
宝马,2014款 宝马5系 520Li 典雅型,2015年3月1日,9.9,白色,武汉,65B,非营运,8.48,9月3日
宝马,2014款 宝马5系 525Li 豪华设计套装,2015年3月1日,22.5,白色,北京,35D,非营运,6.0,9月18日
宝马,2014款 宝马5系 525Li 豪华设计套装,2015年2月1日,33.9,白色,北京,65D,非营运,6.79,8月30日
宝马,2014款 宝马5系 525Li 豪华设计套装,2015年2月1日,6.7,白色,北京,65B,非营运,5.36,7月20日
宝马,2014款 宝马5系 525Li 领先型,2015年2月1日,11.8,金色,银川,65B,非营运,11.55,9月10日
宝马,2014款 宝马5系 520Li 典雅型,2015年1月1日,16.3,棕色,武汉,65B,非营运,6.9,8月19日
宝马,2014款 宝马5系 528Li xDrive风尚设计套装,2014年12月1日,14.4,灰色,北京,50B,非营运,5.15,9月27日
宝马,2014款 宝马5系 525Li 豪华设计套装,2014年12月1日,19.2,灰色,北京,50D,非营运,6.61,10月19日
宝马,2014款 宝马5系 528Li 领先型,2014年11月1日,12.3,黑色,济南,65D,非营运,5.41,12月6日
宝马,2014款 宝马5系 528Li xDrive领先型,2014年11月1日,20.5,灰色,北京,35D,非营运,5.0,10月9日
宝马,2013款 宝马5系 530Li 豪华型,2014年9月1日,17.8,灰色,北京,35D,非营运,6.5,9月16日
宝马,2014款 宝马5系 525Li 领先型,2014年9月1日,18.5,白色,郑州,65B,非营运,5.37,12月20日
宝马,2014款 宝马5系 525Li 领先型,2014年9月1日,18.5,白色,郑州,65B,非营运,5.65,8月11日
宝马,2014款 宝马5系 525Li 豪华设计套装,2014年9月1日,14.9,灰色,北京,50B,非营运,5.65,8月10日
宝马,2014款 宝马5系 525Li 豪华设计套装,2014年8月1日,14.2,棕色,郑州,65D,非营运,6.13,8月18日
宝马,2014款 宝马5系 525Li 领先型,2014年7月1日,9.3,白色,济宁,65B,非营运,5.27,7月29日
宝马,2014款 宝马5系 525Li 豪华设计套装,2014年7月1日,20.6,白色,济南,65B,非营运,5.96,11月6日
宝马,2014款 宝马5系 525Li 领先型,2014年7月1日,19.5,白色,郑州,50C,非营运,4.96,10月12日
宝马,2013款 宝马5系 525Li 卓乐版,2014年5月1日,17.9,白色,北京,65B,非营运,4.13,12月20日
宝马,2014款 宝马5系 520Li 典雅型,2014年4月1日,17.0,灰色,北京,50B,非营运,6.31,7月29日
宝马,2013款 宝马5系 525Li 领先型,2014年3月1日,15.9,白色,临沂,65B,非营运,4.53,7月26日
宝马,2014款 宝马5系 525Li 豪华设计套装,2014年2月1日,31.1,灰色,北京,35D,非营运,6.13,9月6日
宝马,2014款 宝马5系 525Li 豪华设计套装,2013年11月1日,14.5,白色,北京,50B,非营运,3.26,11月20日
宝马,2013款 宝马5系 525Li 卓乐版,2013年9月1日,8.2,灰色,北京,65B,非营运,6.17,12月2日
宝马,2013款 宝马5系 525Li 豪华型,2013年8月1日,24.7,灰色,北京,65B,非营运,6.51,10月24日
宝马,2013款 宝马5系 525Li 豪华型,2013年8月1日,24.7,灰色,北京,65B,非营运,3.72,8月29日
宝马,2013款 宝马5系 525Li 领先型,2013年5月1日,15.9,灰色,北京,50D,非营运,3.99,8月26日
宝马,2013款 宝马5系 525Li 领先型,2013年3月1日,14.5,灰色,北京,50B,非营运,3.57,11月26日
宝马,2013款 宝马5系 525Li 领先型,2013年1月1日,16.2,棕色,北京,50B,非营运,4.69,12月1日
宝马,2013款 宝马5系 525Li 领先型,2012年12月1日,30.6,白色,北京,50D,非营运,4.28,6月30日
宝马,2012款 宝马5系 520Li 典雅型,2012年11月1日,18.9,灰色,北京,65D,非营运,3.53,11月12日
宝马,2012款 宝马5系 523Li 豪华型,2012年9月1日,41.3,灰色,北京,35D,非营运,3.5,10月26日
宝马,2012款 宝马5系 520Li 典雅型,2012年9月1日,18.1,灰色,北京,50C,非营运,2.57,12月15日
宝马,2012款 宝马5系 523Li 领先型,2012年6月1日,12.9,白色,北京,50B,非营运,2.9,11月27日
宝马,2012款 宝马5系 520Li 典雅型,2012年5月1日,14.9,黑色,北京,35D,非营运,4.8,8月3日
宝马,2012款 宝马5系 535Li 领先型,2012年4月1日,16.5,灰色,北京,50B,非营运,3.16,9月13日
宝马,2012款 宝马5系 530Li 领先型,2012年1月1日,20.8,黑色,北京,50D,非营运,3.85,6月30日
宝马,2011款 宝马5系 523Li 领先型,2011年7月1日,37.0,黄色,九江,65B,非营运,2.53,7月25日
宝马,2011款 宝马5系 535Li 领先型,2011年5月1日,14.3,黑色,北京,65B,非营运,3.44,11月19日
宝马,2011款 宝马5系 523Li 领先型,2010年11月1日,16.2,灰色,北京,50B,非营运,2.78,10月26日
宝马,2010款 宝马5系 523Li 领先型,2009年9月1日,13.6,白色,北京,65B,非营运,1.5,8月23日
宝马,2009款 宝马5系 530Li 豪华型,2009年6月1日,48.3,黑色,北京,50D,非营运,0.85,8月2日
奔驰,2023款 奔驰E级 改款 E 300 L 运动时尚型,2023年4月1日,7.2,黑色,北京,65B,非营运,28.13,7月17日
奔驰,2022款 奔驰E级 改款三 E 300 L 运动时尚型,2023年1月1日,2.5,黑色,太原,80B,非营运,29.1,9月24日
奔驰,2019款 奔驰E级 改款 E 300 L 时尚型,2019年3月1日,7.4,黑色,北京,65B,非营运,18.32,10月25日
奔驰,2019款 奔驰E级 改款 E 300 L 时尚型,2019年3月1日,7.4,黑色,北京,65B,非营运,18.52,10月17日
奔驰,2019款 奔驰E级 改款 E 300 L 时尚型,2019年3月1日,7.4,黑色,北京,65B,非营运,19.47,9月25日
奔驰,2019款 奔驰E级 E 300 L 运动时尚型,2019年1月1日,5.6,黑色,郑州,65D,非营运,14.7,9月2日
奔驰,2018款 奔驰E级 E 300 L 运动时尚型,2019年1月1日,14.7,白色,西安,65B,非营运,14.15,7月17日
奔驰,2018款 奔驰E级 改款 E 300 L 时尚型,2018年8月1日,17.1,黑色,郑州,65C,非营运,16.2,11月20日
奔驰,2018款 奔驰E级 E 200 运动型 4MATIC,2018年8月1日,9.6,黑色,保定,65B,非营运,13.6,10月31日
奔驰,2018款 奔驰E级 E 200 L 4MATIC,2018年5月1日,7.4,白色,郑州,65B,非营运,16.5,9月26日
奔驰,2018款 奔驰E级 改款 E 300 L 运动豪华型,2018年4月1日,13.0,黑色,北京,65D,非营运,16.21,8月11日
奔驰,2018款 奔驰E级 改款 E 300 L 运动豪华型,2018年4月1日,13.0,黑色,北京,65D,非营运,16.7,8月6日
奔驰,2018款 奔驰E级 E 200 L 运动型,2018年4月1日,8.4,黑色,郴州,65B,非营运,15.26,10月7日
奔驰,2018款 奔驰E级 E 300 L 时尚型,2018年1月1日,10.6,黑色,贵阳,65D,非营运,13.7,11月24日
奔驰,2018款 奔驰E级 E 300 L 时尚型,2018年1月1日,10.6,黑色,贵阳,65D,非营运,13.8,11月19日
奔驰,2018款 奔驰E级 E 300 L 时尚型,2018年1月1日,10.6,黑色,贵阳,50B,非营运,14.72,11月10日
奔驰,2018款 奔驰E级 E 300 L 时尚型,2018年1月1日,10.6,黑色,贵阳,65B,非营运,16.7,10月30日
奔驰,2016款 奔驰E级 E 300 L 时尚型,2017年6月1日,7.2,黑色,北京,65B,非营运,16.86,7月24日
奔驰,2016款 奔驰E级 E 300 L 时尚型,2017年6月1日,7.2,黑色,北京,65B,非营运,17.4,7月17日
奔驰,2016款 奔驰E级 E 300 L 时尚型,2017年4月1日,13.5,黑色,呼和浩特,65B,非营运,12.77,11月25日
奔驰,2016款 奔驰E级 E 200 L,2016年12月1日,16.7,黑色,北京,65B,非营运,13.91,8月8日
奔驰,2016款 奔驰E级 E 200 L,2016年12月1日,16.7,黑色,北京,65B,非营运,14.38,8月6日
奔驰,2015款 奔驰E级 改款 E 180 L 运动型,2016年7月1日,11.9,黑色,北京,65D,非营运,5.73,9月18日
奔驰,2015款 奔驰E级 改款 E 260 L 运动型,2016年6月1日,10.1,黑色,北京,65B,非营运,8.55,10月22日
奔驰,2015款 奔驰E级 改款 E 260 L 运动型,2016年4月1日,16.2,黑色,北京,35D,非营运,7.66,9月4日
奔驰,2015款 奔驰E级 改款 E 260 L 运动型,2016年4月1日,9.2,黑色,金华,65B,非营运,8.27,11月8日
奔驰,2015款 奔驰E级 E 200 L 运动型,2016年1月1日,11.5,黑色,达州,65B,非营运,7.36,9月29日
奔驰,2015款 奔驰E级 E 200 L 运动型,2016年1月1日,11.5,黑色,达州,65B,非营运,7.36,9月21日
奔驰,2015款 奔驰E级 E 260 L 运动型,2015年10月1日,16.7,白色,新乡,65B,非营运,6.26,10月27日
奔驰,2014款 奔驰E级 E 300 L 运动型,2015年3月1日,12.5,白色,信阳,65B,非营运,5.91,8月26日
奔驰,2014款 奔驰E级 E 400 L Hybrid,2015年1月1日,12.3,黑色,成都,65B,非营运,7.9,10月7日
奔驰,2015款 奔驰E级 E 320 L,2014年9月1日,44.0,黑色,郑州,65B,非营运,4.45,11月15日
奔驰,2014款 奔驰E级 改款 E 260 L 运动型,2014年3月1日,13.1,灰色,北京,50B,营转非,3.21,11月17日
奔驰,2014款 奔驰E级 E 260 L 豪华型,2014年1月1日,17.1,黑色,郑州,65B,非营运,4.19,9月14日
奔驰,2014款 奔驰E级 E 300 L 运动型,2014年1月1日,10.8,黑色,北京,65B,非营运,7.76,10月20日
奔驰,2013款 奔驰E级 E 300 L 优雅型,2013年7月1日,8.1,黑色,北京,65B,非营运,5.44,6月30日
奔驰,2013款 奔驰E级 E 300 L 时尚型,2013年6月1日,21.6,灰色,郑州,65B,非营运,4.1,6月30日
奔驰,2013款 奔驰E级 E 260 L CGI 优雅型,2013年1月1日,24.3,灰色,北京,50D,非营运,2.8,6月30日
奔驰,2013款 奔驰E级 E 260 L CGI 优雅型,2013年1月1日,24.3,灰色,北京,50D,非营运,3.18,6月30日
奔驰,2012款 奔驰E级 E 300 L 优雅型,2012年11月1日,26.9,黑色,济南,50D,非营运,1.78,6月30日
奔驰,2012款 奔驰E级 E 200 L CGI 优雅型,2012年10月1日,12.9,黑色,北京,35D,非营运,3.28,6月30日
奔驰,2011款 奔驰E级 E 200 L CGI 优雅型,2012年1月1日,14.7,灰色,重庆,65C,非营运,2.65,6月30日
奔驰,2011款 奔驰E级 E 300 L 优雅型,2011年10月1日,23.9,黑色,北京,50B,非营运,3.25,6月30日
奔驰,2011款 奔驰E级 E 200 L CGI优雅型,2011年8月1日,17.3,黑色,北京,50B,非营运,2.44,6月30日
奔驰,2011款 奔驰E级 E 200 L CGI优雅型,2011年8月1日,10.3,棕色,北京,50B,非营运,3.03,6月30日
奔驰,2010款 奔驰E级 E 300 L 时尚型,2010年11月1日,13.6,灰色,北京,35D,非营运,2.12,6月30日
奔驰,2010款 奔驰E级 E 300 L 时尚型,2010年11月1日,13.6,灰色,北京,35D,非营运,2.24,6月30日
奔驰,2008款 奔驰E级 E 230 时尚型,2009年4月1日,10.5,灰色,北京,65B,非营运,4.94,6月30日
奔驰,2008款 奔驰E级 E 230 时尚型,2009年3月1日,13.9,灰色,北京,65B,非营运,3.42,6月30日
丰田,2022款 汉兰达 2.0T 380T 四驱尊贵版 7座,2022年12月1日,0.6,黑色,保定,80B,非营运,19.32,12月10日
丰田,2022款 汉兰达 2.0T 380T 四驱尊贵版 7座,2022年12月1日,0.6,黑色,保定,80B,非营运,20.0,12月5日
丰田,2022款 汉兰达 双擎 2.5L 四驱尊贵版 7座,2022年12月1日,10.3,黑色,郑州,65B,非营运,18.13,8月8日
丰田,2022款 汉兰达 双擎 2.5L 四驱尊贵版 7座,2022年8月1日,9.6,白色,北京,65B,非营运,17.98,12月24日
丰田,2022款 汉兰达 双擎 2.5L 四驱尊贵版 7座,2022年6月1日,3.8,黑色,渭南,80B,非营运,22.77,8月4日
丰田,2022款 汉兰达 双擎 2.5L 四驱至尊版 7座,2022年1月1日,2.9,黑色,北京,65B,非营运,23.21,10月16日
丰田,2022款 汉兰达 双擎 2.5L 四驱至尊版 7座,2021年9月1日,8.7,白色,临夏回族自治州,65C,非营运,17.34,10月29日
丰田,2021款 汉兰达 2.0T 四驱豪华版 7座,2021年4月1日,5.1,黑色,郑州,65C,非营运,13.0,9月9日
丰田,2021款 汉兰达 2.0T 四驱豪华版 7座,2021年4月1日,5.1,黑色,郑州,65B,非营运,13.63,8月27日
丰田,2018款 汉兰达 2.0T 两驱精英版 5座 国VI,2021年1月1日,4.5,白色,保定,65D,非营运,16.12,10月31日
丰田,2018款 汉兰达 2.0T 四驱豪华版 7座 国VI,2020年11月1日,20.4,其他,深圳,65D,非营运,11.62,12月27日
丰田,2018款 汉兰达 2.0T 四驱豪华版 7座 国VI,2020年9月1日,7.1,黑色,郑州,65B,非营运,14.86,8月3日
丰田,2018款 汉兰达 2.0T 四驱尊贵版 7座 国VI,2020年8月1日,14.7,黑色,成都,65B,非营运,13.5,10月8日
丰田,2018款 汉兰达 2.0T 两驱豪华版 7座 国VI,2020年7月1日,6.8,黑色,杭州,65B,非营运,11.4,12月23日
丰田,2018款 汉兰达 2.0T 四驱精英版 7座 国VI,2020年5月1日,8.4,黑色,庆阳,65B,非营运,11.88,12月12日
丰田,2018款 汉兰达 2.0T 四驱豪华版 7座 国VI,2019年12月1日,5.4,白色,西安,65B,非营运,16.58,9月2日
丰田,2018款 汉兰达 2.0T 四驱豪华版 7座 国V,2019年9月1日,9.1,白色,武汉,65B,非营运,14.34,9月24日
丰田,2018款 汉兰达 2.0T 四驱至尊版 7座 国VI,2019年8月1日,14.1,黑色,安阳,65B,非营运,13.03,12月4日
丰田,2018款 汉兰达 2.0T 四驱至尊版 7座 国VI,2019年8月1日,5.3,灰色,南京,65B,非营运,14.43,10月12日
丰田,2018款 汉兰达 2.0T 四驱豪华版 7座 国V,2019年1月1日,18.2,黑色,北京,50B,非营运,11.62,12月27日
丰田,2018款 汉兰达 2.0T 四驱豪华版 7座 国V,2018年12月1日,10.4,黑色,北京,35D,非营运,12.83,9月13日
丰田,2018款 汉兰达 2.0T 四驱至尊版 7座 国V,2018年10月1日,20.7,黑色,信阳,65B,非营运,12.05,8月27日
丰田,2018款 汉兰达 2.0T 四驱精英版 7座 国V,2018年6月1日,11.5,黑色,信阳,65B,非营运,10.65,11月24日
丰田,2018款 汉兰达 2.0T 四驱精英版 7座 国V,2018年5月1日,10.2,黑色,北京,65B,非营运,10.76,8月7日
丰田,2017款 汉兰达 2.0T 四驱至尊版 7座,2018年2月1日,17.7,白色,北京,65B,非营运,10.14,10月10日
丰田,2017款 汉兰达 2.0T 四驱豪华版 7座,2017年9月1日,6.2,白色,郑州,65B,非营运,9.6,8月6日
丰田,2017款 汉兰达 2.0T 四驱至尊版 7座,2017年8月1日,12.7,黑色,北京,35D,非营运,7.8,8月9日
丰田,2015款 汉兰达 2.0T 四驱豪华版 7座,2017年5月1日,18.9,黑色,北京,65B,非营运,8.92,8月30日
丰田,2015款 汉兰达 2.0T 四驱豪华版 7座,2017年4月1日,14.3,白色,郑州,65B,非营运,9.85,12月23日
丰田,2015款 汉兰达 2.0T 四驱豪华版 7座,2017年3月1日,14.9,白色,北京,65B,非营运,10.58,9月24日
丰田,2015款 汉兰达 2.0T 四驱豪华版 7座,2017年3月1日,19.2,白色,北京,65B,非营运,9.47,10月12日
丰田,2015款 汉兰达 2.0T 四驱精英版 7座,2017年2月1日,27.5,黑色,郑州,50B,非营运,8.2,8月27日
丰田,2015款 汉兰达 2.0T 四驱豪华版 7座,2017年1月1日,8.4,白色,眉山,65B,非营运,8.5,8月18日
丰田,2015款 汉兰达 2.0T 四驱豪华版 7座,2017年1月1日,8.4,白色,眉山,65B,非营运,9.28,8月15日
丰田,2015款 汉兰达 2.0T 四驱豪华版 7座,2017年1月1日,8.4,白色,眉山,65B,非营运,9.01,8月13日
丰田,2015款 汉兰达 2.0T 四驱豪华版 7座,2016年11月1日,8.5,白色,三明,65B,非营运,10.36,6月30日
丰田,2015款 汉兰达 2.0T 四驱豪华版 7座,2016年7月1日,13.2,红色,北京,65D,非营运,8.42,6月30日
丰田,2015款 汉兰达 2.0T 四驱精英版 7座,2016年4月1日,12.5,黑色,台州,65B,非营运,7.8,6月30日
丰田,2015款 汉兰达 2.0T 四驱精英版 7座,2016年4月1日,12.5,黑色,台州,65B,非营运,8.18,6月30日
丰田,2015款 汉兰达 2.0T 四驱豪华版 7座,2016年3月1日,11.1,白色,北京,65B,非营运,9.62,6月30日
丰田,2015款 汉兰达 2.0T 四驱豪华版 7座,2016年3月1日,19.3,白色,西宁,65D,非营运,9.35,6月30日
丰田,2015款 汉兰达 2.0T 四驱至尊版 7座,2016年3月1日,15.4,白色,北京,65B,非营运,9.62,6月30日
丰田,2015款 汉兰达 2.0T 四驱豪华版 7座,2015年12月1日,20.5,白色,北京,50D,非营运,6.46,10月15日
丰田,2015款 汉兰达 2.0T 四驱豪华版 7座,2015年12月1日,23.4,黑色,北京,50B,非营运,7.21,12月25日
丰田,2015款 汉兰达 2.0T 四驱精英版 7座,2015年10月1日,11.9,黑色,北京,50B,非营运,8.24,9月11日
丰田,2015款 汉兰达 2.0T 四驱豪华版 7座,2015年9月1日,29.8,白色,西安,65B,非营运,7.8,7月19日
丰田,2015款 汉兰达 2.0T 四驱豪华版 7座,2015年9月1日,20.2,白色,北京,50B,非营运,8.37,9月18日
丰田,2015款 汉兰达 2.0T 四驱至尊版 7座,2015年9月1日,6.2,黑色,北京,65D,非营运,7.84,9月2日
丰田,2015款 汉兰达 2.0T 四驱至尊版 7座,2015年9月1日,19.5,白色,南京,65B,非营运,8.63,12月1日
丰田,2015款 汉兰达 2.0T 四驱豪华版 7座,2015年5月1日,11.9,黑色,天津,65D,非营运,7.69,12月16日
丰田,2012款 汉兰达 2.7L 两驱7座豪华版,2015年2月1日,22.4,黑色,北京,50B,非营运,5.41,12月23日
丰田,2012款 汉兰达 2.7L 两驱7座豪华版,2015年2月1日,17.0,白色,济南,65B,非营运,6.75,9月3日
丰田,2012款 汉兰达 2.7L 两驱7座豪华版,2015年1月1日,12.3,白色,南京,65B,非营运,7.0,9月12日
丰田,2012款 汉兰达 2.7L 两驱7座豪华版,2014年12月1日,12.5,黑色,北京,50B,非营运,6.03,9月17日
丰田,2012款 汉兰达 2.7L 两驱7座至尊版,2014年11月1日,9.9,白色,北京,50B,非营运,6.34,10月12日
丰田,2012款 汉兰达 2.7L 两驱7座豪华版,2014年9月1日,9.7,黑色,洛阳,50D,非营运,2.86,12月5日
丰田,2012款 汉兰达 2.7L 两驱5座精英版,2014年7月1日,14.7,黑色,郑州,65D,非营运,3.68,12月27日
丰田,2012款 汉兰达 2.7L 两驱5座精英版,2014年7月1日,14.7,黑色,郑州,65B,非营运,3.67,12月23日
丰田,2012款 汉兰达 2.7L 两驱5座精英版,2014年7月1日,16.2,黑色,保定,65B,非营运,3.52,8月8日
丰田,2012款 汉兰达 2.7L 两驱5座精英版,2014年7月1日,16.2,黑色,保定,65B,非营运,3.62,8月4日
丰田,2012款 汉兰达 2.7L 两驱5座精英版,2014年7月1日,20.9,黑色,成都,65B,非营运,3.75,12月18日
丰田,2012款 汉兰达 2.7L 两驱7座豪华版,2014年7月1日,10.5,黑色,北京,65C,非营运,5.39,9月6日
丰田,2012款 汉兰达 2.7L 两驱7座豪华版,2014年4月1日,11.3,黑色,北京,50B,非营运,5.11,7月22日
丰田,2012款 汉兰达 2.7L 两驱5座精英版,2014年2月1日,27.2,白色,北京,35D,非营运,3.35,8月19日
丰田,2012款 汉兰达 2.7L 两驱7座豪华版,2014年1月1日,17.3,黑色,北京,50C,非营运,4.31,10月18日
丰田,2012款 汉兰达 2.7L 两驱7座精英版,2014年1月1日,29.6,黑色,济宁,65B,非营运,3.83,10月5日
丰田,2012款 汉兰达 2.7L 两驱5座运动版,2013年10月1日,21.7,白色,北京,50B,非营运,4.44,7月27日
丰田,2012款 汉兰达 2.7L 两驱7座豪华版,2013年9月1日,16.7,黑色,驻马店,65B,非营运,4.66,10月9日
丰田,2012款 汉兰达 2.7L 两驱7座豪华版,2013年9月1日,16.6,黑色,驻马店,65B,非营运,4.72,9月19日
丰田,2013款 汉兰达 2.7L 两驱7座紫金版,2013年7月1日,26.2,黑色,北京,50C,非营运,4.42,10月21日
丰田,2012款 汉兰达 2.7L 两驱7座豪华版,2013年7月1日,35.1,黑色,重庆,65B,非营运,4.24,10月9日
丰田,2012款 汉兰达 2.7L 两驱5座精英版,2013年7月1日,31.0,黑色,石家庄,65D,非营运,2.94,11月7日
丰田,2012款 汉兰达 2.7L 两驱7座精英版,2013年6月1日,14.5,白色,北京,65B,非营运,5.02,7月26日
丰田,2013款 汉兰达 2.7L 两驱7座紫金版,2013年6月1日,9.1,白色,北京,50B,非营运,5.83,12月25日
丰田,2012款 汉兰达 3.5L 四驱7座豪华版,2013年4月1日,24.7,黑色,北京,50C,非营运,5.64,10月13日
丰田,2012款 汉兰达 2.7L 两驱7座豪华版,2012年11月1日,11.0,黑色,保定,65B,非营运,5.59,12月15日
丰田,2012款 汉兰达 2.7L 两驱5座运动版,2012年10月1日,15.4,黑色,北京,50C,非营运,4.92,12月19日
丰田,2012款 汉兰达 2.7L 两驱5座精英版,2012年4月1日,14.8,白色,北京,50B,非营运,3.39,7月31日
丰田,2011款 汉兰达 2.7L 两驱7座豪华版,2012年3月1日,9.9,黑色,北京,65D,非营运,3.75,11月11日
丰田,2011款 汉兰达 2.7L 两驱7座至尊版,2012年3月1日,19.6,白色,北京,65B,非营运,3.98,8月20日
丰田,2011款 汉兰达 2.7L 两驱7座豪华版,2011年10月1日,8.4,黑色,北京,65D,非营运,3.59,10月20日
丰田,2011款 汉兰达 2.7L 两驱7座豪华版,2011年10月1日,8.4,黑色,北京,65D,非营运,3.62,11月4日
丰田,2011款 汉兰达 2.7L 两驱7座豪华版,2011年10月1日,8.4,黑色,北京,65C,非营运,3.79,10月22日
丰田,2009款 汉兰达 3.5L 四驱7座豪华版,2011年8月1日,30.6,黑色,南京,65B,非营运,3.99,9月19日
丰田,2009款 汉兰达 3.5L 四驱7座精英版,2011年7月1日,25.4,白色,北京,35B,非营运,3.05,10月13日
丰田,2011款 汉兰达 2.7L 两驱7座豪华版,2011年6月1日,36.7,黑色,北京,35D,非营运,2.95,7月15日
丰田,2011款 汉兰达 2.7L 两驱7座豪华版,2011年5月1日,14.4,黑色,北京,35D,非营运,2.23,12月11日
丰田,2011款 汉兰达 2.7L 两驱7座精英版,2011年5月1日,6.1,灰色,北京,35B,非营运,2.83,11月11日
丰田,2009款 汉兰达 2.7L 两驱7座豪华版,2010年12月1日,25.2,灰色,北京,50B,非营运,4.36,12月13日
丰田,2009款 汉兰达 2.7L 两驱7座豪华版,2010年11月1日,28.9,白色,北京,50D,非营运,2.85,6月30日
丰田,2009款 汉兰达 2.7L 两驱7座豪华版,2010年11月1日,26.9,灰色,北京,35C,非营运,2.56,6月30日
丰田,2009款 汉兰达 2.7L 两驱7座豪华版,2010年11月1日,24.3,黑色,北京,50B,非营运,2.48,6月30日
丰田,2009款 汉兰达 2.7L 两驱7座精英版,2010年10月1日,18.5,黑色,北京,50B,非营运,2.32,6月30日
丰田,2009款 汉兰达 2.7L 两驱7座豪华版,2010年9月1日,16.5,白色,济南,65B,非营运,2.58,6月30日
丰田,2009款 汉兰达 2.7L 两驱5座精英版,2010年5月1日,7.1,黑色,北京,50D,非营运,3.31,6月30日
